State,State Code,Year,Deaths,Population,rate_per_100k,source,permitless_year
Alabama,1,1999,435,4430141,9.819100565873637,WONDER_1999_2020,2023.0
Alabama,1,2000,427,4447100,9.601762946639383,WONDER_1999_2020,2023.0
Alabama,1,2001,387,4467634,8.66230313405261,WONDER_1999_2020,2023.0
Alabama,1,2002,381,4480089,8.504295338775636,WONDER_1999_2020,2023.0
Alabama,1,2003,399,4503491,8.85979343580347,WONDER_1999_2020,2023.0
Alabama,1,2004,375,4530729,8.276813731300194,WONDER_1999_2020,2023.0
Alabama,1,2005,369,4569805,8.07474279537092,WONDER_1999_2020,2023.0
Alabama,1,2006,400,4628981,8.641210668179454,WONDER_1999_2020,2023.0
Alabama,1,2007,396,4672840,8.474503727925631,WONDER_1999_2020,2023.0
Alabama,1,2008,424,4718206,8.986466466279769,WONDER_1999_2020,2023.0
Alabama,1,2009,479,4757938,10.067386334164086,WONDER_1999_2020,2023.0
Alabama,1,2010,454,4779736,9.49843254941277,WONDER_1999_2020,2023.0
Alabama,1,2011,452,4802740,9.411294386121256,WONDER_1999_2020,2023.0
Alabama,1,2012,500,4822023,10.369091976541796,WONDER_1999_2020,2023.0
Alabama,1,2013,504,4833722,10.426747752560036,WONDER_1999_2020,2023.0
Alabama,1,2014,479,4849377,9.877557467691211,WONDER_1999_2020,2023.0
Alabama,1,2015,528,4858979,10.866480386105806,WONDER_1999_2020,2023.0
Alabama,1,2016,550,4863300,11.30919334608188,WONDER_1999_2020,2023.0
Alabama,1,2017,573,4874747,11.754456179982263,WONDER_1999_2020,2023.0
Alabama,1,2018,552,4887871,11.293260399057177,WONDER_1999_2020,2023.0
Alabama,1,2019,543,4903185,11.074434270785213,WONDER_1999_2020,2023.0
Alabama,1,2020,542,4921532,11.012830964016896,WONDER_1999_2020,2023.0
Alabama,1,2021,623,5039877,12.361412788447018,WONDER_2018_2024_single_race,2023.0
Alabama,1,2022,614,5074296,12.10020069779138,WONDER_2018_2024_single_race,2023.0
Alabama,1,2023,618,5108468,12.097560364477179,WONDER_2018_2024_single_race,2023.0
Alabama,1,2024,622,5157699,12.059641324551897,WONDER_2018_2024_single_race,2023.0
Alaska,2,1999,55,624779,8.803112780679248,WONDER_1999_2020,2003.0
Alaska,2,2000,96,626932,15.312665488442128,WONDER_1999_2020,2003.0
Alaska,2,2001,65,633714,10.256992902160912,WONDER_1999_2020,2003.0
Alaska,2,2002,92,642337,14.322699766633402,WONDER_1999_2020,2003.0
Alaska,2,2003,79,648414,12.18357407458815,WONDER_1999_2020,2003.0
Alaska,2,2004,94,659286,14.257848642319114,WONDER_1999_2020,2003.0
Alaska,2,2005,87,666946,13.044534340111495,WONDER_1999_2020,2003.0
Alaska,2,2006,79,675302,11.698469721694886,WONDER_1999_2020,2003.0
Alaska,2,2007,94,680300,13.817433485227108,WONDER_1999_2020,2003.0
Alaska,2,2008,116,687455,16.873831741714003,WONDER_1999_2020,2003.0
Alaska,2,2009,79,698895,11.303557759033904,WONDER_1999_2020,2003.0
Alaska,2,2010,107,710231,15.065520936146127,WONDER_1999_2020,2003.0
Alaska,2,2011,99,722718,13.698288959179097,WONDER_1999_2020,2003.0
Alaska,2,2012,98,731449,13.39806329627903,WONDER_1999_2020,2003.0
Alaska,2,2013,120,735132,16.323599027113495,WONDER_1999_2020,2003.0
Alaska,2,2014,115,736732,15.609475358746463,WONDER_1999_2020,2003.0
Alaska,2,2015,123,738432,16.656916276651064,WONDER_1999_2020,2003.0
Alaska,2,2016,113,741894,15.231286410187977,WONDER_1999_2020,2003.0
Alaska,2,2017,119,739795,16.085537209632395,WONDER_1999_2020,2003.0
Alaska,2,2018,107,737438,14.509694374306722,WONDER_1999_2020,2003.0
Alaska,2,2019,117,731545,15.993547902042936,WONDER_1999_2020,2003.0
Alaska,2,2020,133,731158,18.190322748297906,WONDER_1999_2020,2003.0
Alaska,2,2021,142,732673,19.38108815255919,WONDER_2018_2024_single_race,2003.0
Alaska,2,2022,114,733583,15.54016382604286,WONDER_2018_2024_single_race,2003.0
Alaska,2,2023,120,733406,16.36201503669182,WONDER_2018_2024_single_race,2003.0
Alaska,2,2024,141,740133,19.050630089456895,WONDER_2018_2024_single_race,2003.0
Arizona,4,1999,476,5023823,9.474856100622972,WONDER_1999_2020,2010.0
Arizona,4,2000,489,5130632,9.530989554503227,WONDER_1999_2020,2010.0
Arizona,4,2001,468,5273477,8.874600192624335,WONDER_1999_2020,2010.0
Arizona,4,2002,559,5396255,10.359036035176247,WONDER_1999_2020,2010.0
Arizona,4,2003,486,5510364,8.819744031428776,WONDER_1999_2020,2010.0
Arizona,4,2004,509,5652404,9.005018041880941,WONDER_1999_2020,2010.0
Arizona,4,2005,514,5839077,8.802761121321058,WONDER_1999_2020,2010.0
Arizona,4,2006,563,6029141,9.337980319252775,WONDER_1999_2020,2010.0
Arizona,4,2007,552,6167681,8.949879217164442,WONDER_1999_2020,2010.0
Arizona,4,2008,540,6280362,8.598230484166358,WONDER_1999_2020,2010.0
Arizona,4,2009,605,6343154,9.537841900102062,WONDER_1999_2020,2010.0
Arizona,4,2010,620,6392017,9.699598733858185,WONDER_1999_2020,2010.0
Arizona,4,2011,674,6482505,10.397215274033726,WONDER_1999_2020,2010.0
Arizona,4,2012,663,6553255,10.117109741647472,WONDER_1999_2020,2010.0
Arizona,4,2013,655,6626624,9.884369476825606,WONDER_1999_2020,2010.0
Arizona,4,2014,683,6731484,10.146351086922289,WONDER_1999_2020,2010.0
Arizona,4,2015,707,6828065,10.354324394978665,WONDER_1999_2020,2010.0
Arizona,4,2016,755,6931071,10.892977434511925,WONDER_1999_2020,2010.0
Arizona,4,2017,792,7016270,11.28804906310618,WONDER_1999_2020,2010.0
Arizona,4,2018,802,7171646,11.18292788015471,WONDER_1999_2020,2010.0
Arizona,4,2019,809,7278717,11.114596157537104,WONDER_1999_2020,2010.0
Arizona,4,2020,830,7421401,11.18387215567519,WONDER_1999_2020,2010.0
Arizona,4,2021,879,7276316,12.080288981402127,WONDER_2018_2024_single_race,2010.0
Arizona,4,2022,982,7359197,13.343847161585701,WONDER_2018_2024_single_race,2010.0
Arizona,4,2023,951,7431344,12.797146787983438,WONDER_2018_2024_single_race,2010.0
Arizona,4,2024,933,7582384,12.304837106640868,WONDER_2018_2024_single_race,2010.0
Arkansas,5,1999,234,2651860,8.823995233534198,WONDER_1999_2020,
Arkansas,5,2000,244,2673400,9.126954440038903,WONDER_1999_2020,
Arkansas,5,2001,274,2691571,10.179928376401737,WONDER_1999_2020,
Arkansas,5,2002,257,2705927,9.497669375411828,WONDER_1999_2020,
Arkansas,5,2003,258,2724816,9.468529251149436,WONDER_1999_2020,
Arkansas,5,2004,232,2749686,8.437327025704025,WONDER_1999_2020,
Arkansas,5,2005,262,2781097,9.420742965815288,WONDER_1999_2020,
Arkansas,5,2006,247,2821761,8.75339902989658,WONDER_1999_2020,
Arkansas,5,2007,244,2848650,8.565460832324083,WONDER_1999_2020,
Arkansas,5,2008,275,2874554,9.566701477864045,WONDER_1999_2020,
Arkansas,5,2009,285,2896843,9.838296379886655,WONDER_1999_2020,
Arkansas,5,2010,266,2915918,9.122341574763075,WONDER_1999_2020,
Arkansas,5,2011,299,2937979,10.177063893240899,WONDER_1999_2020,
Arkansas,5,2012,307,2949131,10.40984615468082,WONDER_1999_2020,
Arkansas,5,2013,322,2959373,10.880683171739419,WONDER_1999_2020,
Arkansas,5,2014,323,2966369,10.888732993096948,WONDER_1999_2020,
Arkansas,5,2015,342,2978204,11.483430953688869,WONDER_1999_2020,
Arkansas,5,2016,331,2988248,11.07672455565937,WONDER_1999_2020,
Arkansas,5,2017,392,3004279,13.04805578975854,WONDER_1999_2020,
Arkansas,5,2018,345,3013825,11.447247268836113,WONDER_1999_2020,
Arkansas,5,2019,341,3017804,11.299607264090048,WONDER_1999_2020,
Arkansas,5,2020,364,3030522,12.011132075596217,WONDER_1999_2020,
Arkansas,5,2021,391,3025891,12.921813773199366,WONDER_2018_2024_single_race,
Arkansas,5,2022,341,3045637,11.196344147381977,WONDER_2018_2024_single_race,
Arkansas,5,2023,394,3067732,12.843364413840584,WONDER_2018_2024_single_race,
Arkansas,5,2024,402,3088354,13.016642522197907,WONDER_2018_2024_single_race,
California,6,1999,1532,33499204,4.573242994072337,WONDER_1999_2020,
California,6,2000,1487,33871648,4.390102306211968,WONDER_1999_2020,
California,6,2001,1450,34479458,4.205402532719627,WONDER_1999_2020,
California,6,2002,1490,34871843,4.2727882205709635,WONDER_1999_2020,
California,6,2003,1505,35253159,4.269120960195369,WONDER_1999_2020,
California,6,2004,1366,35574576,3.8398208878160625,WONDER_1999_2020,
California,6,2005,1329,35827943,3.7093952058592925,WONDER_1999_2020,
California,6,2006,1319,36021202,3.6617323319749295,WONDER_1999_2020,
California,6,2007,1422,36250311,3.922724966414771,WONDER_1999_2020,
California,6,2008,1478,36604337,4.037772901063609,WONDER_1999_2020,
California,6,2009,1519,36961229,4.1097118280347225,WONDER_1999_2020,
California,6,2010,1492,37253956,4.004943797109762,WONDER_1999_2020,
California,6,2011,1564,37691912,4.149431315662628,WONDER_1999_2020,
California,6,2012,1549,38041430,4.071876372681047,WONDER_1999_2020,
California,6,2013,1571,38332521,4.098347718899052,WONDER_1999_2020,
California,6,2014,1582,38802500,4.077056890664261,WONDER_1999_2020,
California,6,2015,1559,39144818,3.9826472050527864,WONDER_1999_2020,
California,6,2016,1595,39250017,4.063692507445284,WONDER_1999_2020,
California,6,2017,1610,39536653,4.07217070195598,WONDER_1999_2020,
California,6,2018,1629,39557045,4.118103361866388,WONDER_1999_2020,
California,6,2019,1586,39512223,4.013947785220791,WONDER_1999_2020,
California,6,2020,1552,39368078,3.9422803419562413,WONDER_1999_2020,
California,6,2021,1575,39237836,4.013982830245786,WONDER_2018_2024_single_race,
California,6,2022,1689,39029342,4.327513387235685,WONDER_2018_2024_single_race,
California,6,2023,1647,38965193,4.226849331915282,WONDER_2018_2024_single_race,
California,6,2024,1530,39431263,3.8801699047783482,WONDER_2018_2024_single_race,
Colorado,8,1999,309,4226018,7.3118477015478875,WONDER_1999_2020,
Colorado,8,2000,350,4301261,8.137148617579822,WONDER_1999_2020,
Colorado,8,2001,390,4425687,8.812191192011545,WONDER_1999_2020,
Colorado,8,2002,380,4490406,8.46248646558908,WONDER_1999_2020,
Colorado,8,2003,363,4528732,8.015488662168572,WONDER_1999_2020,
Colorado,8,2004,402,4575013,8.786860277774075,WONDER_1999_2020,
Colorado,8,2005,396,4631888,8.549429519884765,WONDER_1999_2020,
Colorado,8,2006,371,4720423,7.8594651369167545,WONDER_1999_2020,
Colorado,8,2007,396,4803868,8.24335722796713,WONDER_1999_2020,
Colorado,8,2008,387,4889730,7.914547428999146,WONDER_1999_2020,
Colorado,8,2009,454,4972195,9.130776246707944,WONDER_1999_2020,
Colorado,8,2010,427,5029196,8.490422723632168,WONDER_1999_2020,
Colorado,8,2011,443,5116796,8.657761614885565,WONDER_1999_2020,
Colorado,8,2012,533,5187582,10.27453638323211,WONDER_1999_2020,
Colorado,8,2013,489,5268367,9.281813510714041,WONDER_1999_2020,
Colorado,8,2014,539,5355866,10.06373199030745,WONDER_1999_2020,
Colorado,8,2015,541,5456574,9.9146460764575,WONDER_1999_2020,
Colorado,8,2016,613,5540545,11.063893533939352,WONDER_1999_2020,
Colorado,8,2017,592,5607154,10.557940802053947,WONDER_1999_2020,
Colorado,8,2018,660,5695564,11.587965651865206,WONDER_1999_2020,
Colorado,8,2019,647,5758736,11.235104370125667,WONDER_1999_2020,
Colorado,8,2020,654,5807719,11.260875397036255,WONDER_1999_2020,
Colorado,8,2021,745,5812069,12.818154774143252,WONDER_2018_2024_single_race,
Colorado,8,2022,691,5839926,11.832341711179216,WONDER_2018_2024_single_race,
Colorado,8,2023,721,5877610,12.26689079404724,WONDER_2018_2024_single_race,
Colorado,8,2024,712,5957493,11.951335905891957,WONDER_2018_2024_single_race,
Connecticut,9,1999,111,3386401,3.2778161830214434,WONDER_1999_2020,
Connecticut,9,2000,113,3405565,3.3180984653060506,WONDER_1999_2020,
Connecticut,9,2001,115,3432835,3.3500008010871483,WONDER_1999_2020,
Connecticut,9,2002,85,3458749,2.457535947245666,WONDER_1999_2020,
Connecticut,9,2003,89,3484336,2.554288679392573,WONDER_1999_2020,
Connecticut,9,2004,105,3496094,3.003351740542445,WONDER_1999_2020,
Connecticut,9,2005,112,3506956,3.1936528430924143,WONDER_1999_2020,
Connecticut,9,2006,79,3517460,2.245938830860905,WONDER_1999_2020,
Connecticut,9,2007,78,3527270,2.2113419159860177,WONDER_1999_2020,
Connecticut,9,2008,109,3545579,3.074251060264064,WONDER_1999_2020,
Connecticut,9,2009,93,3561807,2.6110342306587637,WONDER_1999_2020,
Connecticut,9,2010,110,3574097,3.0777004653203313,WONDER_1999_2020,
Connecticut,9,2011,111,3580709,3.099944731616001,WONDER_1999_2020,
Connecticut,9,2012,111,3590347,3.091623177369764,WONDER_1999_2020,
Connecticut,9,2013,92,3596080,2.55834130497653,WONDER_1999_2020,
Connecticut,9,2014,125,3596677,3.47543023741081,WONDER_1999_2020,
Connecticut,9,2015,104,3590886,2.8962211554474298,WONDER_1999_2020,
Connecticut,9,2016,110,3576452,3.0756738801471406,WONDER_1999_2020,
Connecticut,9,2017,109,3588184,3.037748342894344,WONDER_1999_2020,
Connecticut,9,2018,127,3572665,3.5547693388548884,WONDER_1999_2020,
Connecticut,9,2019,118,3565287,3.309691477852975,WONDER_1999_2020,
Connecticut,9,2020,109,3557006,3.0643749265533993,WONDER_1999_2020,
Connecticut,9,2021,122,3605597,3.3836282867996617,WONDER_2018_2024_single_race,
Connecticut,9,2022,132,3626205,3.6401692678709563,WONDER_2018_2024_single_race,
Connecticut,9,2023,112,3617176,3.09633813781801,WONDER_2018_2024_single_race,
Connecticut,9,2024,149,3675069,4.0543456462994305,WONDER_2018_2024_single_race,
Delaware,10,1999,44,774990,5.6774926128079075,WONDER_1999_2020,
Delaware,10,2000,40,783600,5.104645227156713,WONDER_1999_2020,
Delaware,10,2001,53,795699,6.660810180734171,WONDER_1999_2020,
Delaware,10,2002,38,806169,4.71365185215507,WONDER_1999_2020,
Delaware,10,2003,42,818003,5.134455497106979,WONDER_1999_2020,
Delaware,10,2004,45,830803,5.416446498146973,WONDER_1999_2020,
Delaware,10,2005,42,845150,4.969532035733302,WONDER_1999_2020,
Delaware,10,2006,42,859268,4.887881312931472,WONDER_1999_2020,
Delaware,10,2007,46,871749,5.276748238311716,WONDER_1999_2020,
Delaware,10,2008,41,883874,4.638670217700713,WONDER_1999_2020,
Delaware,10,2009,38,891730,4.261379565563567,WONDER_1999_2020,
Delaware,10,2010,43,897934,4.788770666886431,WONDER_1999_2020,
Delaware,10,2011,46,907135,5.070910063000546,WONDER_1999_2020,
Delaware,10,2012,46,917092,5.015854461711584,WONDER_1999_2020,
Delaware,10,2013,60,925749,6.481238435040168,WONDER_1999_2020,
Delaware,10,2014,59,935614,6.306019362685894,WONDER_1999_2020,
Delaware,10,2015,55,945934,5.8143591413354425,WONDER_1999_2020,
Delaware,10,2016,65,952065,6.827264945145552,WONDER_1999_2020,
Delaware,10,2017,50,961939,5.197834789939902,WONDER_1999_2020,
Delaware,10,2018,58,967171,5.996871287497247,WONDER_1999_2020,
Delaware,10,2019,45,973764,4.621242929498318,WONDER_1999_2020,
Delaware,10,2020,58,986809,5.877530504890004,WONDER_1999_2020,
Delaware,10,2021,76,1003384,7.574368337545746,WONDER_2018_2024_single_race,
Delaware,10,2022,74,1018396,7.266328618729846,WONDER_2018_2024_single_race,
Delaware,10,2023,76,1031890,7.365126127784939,WONDER_2018_2024_single_race,
Delaware,10,2024,71,1051917,6.749581953709276,WONDER_2018_2024_single_race,
District of Columbia,11,1999,13,570213,2.2798498105094063,WONDER_1999_2020,
District of Columbia,11,2001,21,574504,3.655327029924944,WONDER_1999_2020,
District of Columbia,11,2002,13,573158,2.2681354879457323,WONDER_1999_2020,
District of Columbia,11,2003,10,568502,1.7590087633816591,WONDER_1999_2020,
District of Columbia,11,2005,10,567136,1.7632455001974834,WONDER_1999_2020,
District of Columbia,11,2006,10,570681,1.752292436580156,WONDER_1999_2020,
District of Columbia,11,2007,10,574404,1.7409349517064645,WONDER_1999_2020,
District of Columbia,11,2008,12,580236,2.068124004715323,WONDER_1999_2020,
District of Columbia,11,2010,13,601723,2.160462538410531,WONDER_1999_2020,
District of Columbia,11,2012,10,632323,1.5814702296136625,WONDER_1999_2020,
District of Columbia,11,2014,14,658893,2.1247759499645618,WONDER_1999_2020,
District of Columbia,11,2015,11,672228,1.6363495718714482,WONDER_1999_2020,
District of Columbia,11,2019,12,705749,1.7003212190169592,WONDER_1999_2020,
District of Columbia,11,2021,12,670050,1.7909111260353705,WONDER_2018_2024_single_race,
District of Columbia,11,2022,12,671803,1.7862379298693218,WONDER_2018_2024_single_race,
District of Columbia,11,2023,10,678972,1.4728147847039348,WONDER_2018_2024_single_race,
District of Columbia,11,2024,13,702250,1.851192595229619,WONDER_2018_2024_single_race,
Florida,12,1999,1136,15759421,7.208386653291387,WONDER_1999_2020,2023.0
Florida,12,2000,1186,15982378,7.420672943663328,WONDER_1999_2020,2023.0
Florida,12,2001,1197,16356966,7.3179830538255075,WONDER_1999_2020,2023.0
Florida,12,2002,1205,16689370,7.220164691657025,WONDER_1999_2020,2023.0
Florida,12,2003,1242,17004085,7.304127214137074,WONDER_1999_2020,2023.0
Florida,12,2004,1197,17415318,6.873259506372493,WONDER_1999_2020,2023.0
Florida,12,2005,1163,17842038,6.518313659011374,WONDER_1999_2020,2023.0
Florida,12,2006,1227,18166990,6.754008231413129,WONDER_1999_2020,2023.0
Florida,12,2007,1284,18367842,6.990478249976236,WONDER_1999_2020,2023.0
Florida,12,2008,1397,18527305,7.540222390682293,WONDER_1999_2020,2023.0
Florida,12,2009,1472,18652644,7.891642600373438,WONDER_1999_2020,2023.0
Florida,12,2010,1454,18801310,7.733503676073636,WONDER_1999_2020,2023.0
Florida,12,2011,1490,19057542,7.818426951387541,WONDER_1999_2020,2023.0
Florida,12,2012,1550,19317568,8.023784360432948,WONDER_1999_2020,2023.0
Florida,12,2013,1566,19552860,8.009058521362093,WONDER_1999_2020,2023.0
Florida,12,2014,1538,19893297,7.731247364376051,WONDER_1999_2020,2023.0
Florida,12,2015,1630,20271272,8.04093596099939,WONDER_1999_2020,2023.0
Florida,12,2016,1672,20612439,8.11160678268108,WONDER_1999_2020,2023.0
Florida,12,2017,1723,20984400,8.210861401803244,WONDER_1999_2020,2023.0
Florida,12,2018,1869,21299325,8.77492596596371,WONDER_1999_2020,2023.0
Florida,12,2019,1808,21477737,8.418019086461483,WONDER_1999_2020,2023.0
Florida,12,2020,1730,21733312,7.9601305130115465,WONDER_1999_2020,2023.0
Florida,12,2021,1928,21781128,8.851699507941003,WONDER_2018_2024_single_race,2023.0
Florida,12,2022,1988,22244823,8.936910848874813,WONDER_2018_2024_single_race,2023.0
Florida,12,2023,2099,22610726,9.283204794043321,WONDER_2018_2024_single_race,2023.0
Florida,12,2024,2228,23372215,9.53268656821786,WONDER_2018_2024_single_race,2023.0
Georgia,13,1999,628,8045965,7.8051545091235175,WONDER_1999_2020,2022.0
Georgia,13,2000,588,8186453,7.18259788457834,WONDER_1999_2020,2022.0
Georgia,13,2001,626,8377038,7.472808407936075,WONDER_1999_2020,2022.0
Georgia,13,2002,614,8508256,7.216520048291918,WONDER_1999_2020,2022.0
Georgia,13,2003,656,8622793,7.607743801805285,WONDER_1999_2020,2022.0
Georgia,13,2004,605,8769252,6.899106103918555,WONDER_1999_2020,2022.0
Georgia,13,2005,590,8925922,6.60996141351,WONDER_1999_2020,2022.0
Georgia,13,2006,600,9155813,6.553213788879263,WONDER_1999_2020,2022.0
Georgia,13,2007,641,9349988,6.8556237719235575,WONDER_1999_2020,2022.0
Georgia,13,2008,616,9504843,6.480906628336733,WONDER_1999_2020,2022.0
Georgia,13,2009,743,9620846,7.722813565459836,WONDER_1999_2020,2022.0
Georgia,13,2010,718,9687653,7.411495849407489,WONDER_1999_2020,2022.0
Georgia,13,2011,742,9815210,7.55969561527466,WONDER_1999_2020,2022.0
Georgia,13,2012,750,9919945,7.560525789205484,WONDER_1999_2020,2022.0
Georgia,13,2013,747,9992167,7.47585583787781,WONDER_1999_2020,2022.0
Georgia,13,2014,841,10097343,8.328923757467681,WONDER_1999_2020,2022.0
Georgia,13,2015,823,10214860,8.05688966858087,WONDER_1999_2020,2022.0
Georgia,13,2016,871,10310371,8.447804642529352,WONDER_1999_2020,2022.0
Georgia,13,2017,908,10429379,8.706175123178474,WONDER_1999_2020,2022.0
Georgia,13,2018,987,10519475,9.382597515560425,WONDER_1999_2020,2022.0
Georgia,13,2019,955,10617423,8.994649643326822,WONDER_1999_2020,2022.0
Georgia,13,2020,939,10710017,8.767493086145429,WONDER_1999_2020,2022.0
Georgia,13,2021,1115,10799566,10.324488965575098,WONDER_2018_2024_single_race,2022.0
Georgia,13,2022,1050,10912876,9.621661604145416,WONDER_2018_2024_single_race,2022.0
Georgia,13,2023,1116,11029227,10.11856950627637,WONDER_2018_2024_single_race,2022.0
Georgia,13,2024,1112,11180878,9.945551682077204,WONDER_2018_2024_single_race,2022.0
Hawaii,15,1999,23,1210300,1.9003552838139306,WONDER_1999_2020,
Hawaii,15,2000,37,1211537,3.053971938124878,WONDER_1999_2020,
Hawaii,15,2001,31,1225948,2.5286553752687713,WONDER_1999_2020,
Hawaii,15,2002,21,1239613,1.6940771030958857,WONDER_1999_2020,
Hawaii,15,2003,24,1251154,1.9182290909032782,WONDER_1999_2020,
Hawaii,15,2004,31,1273569,2.4341044733343855,WONDER_1999_2020,
Hawaii,15,2005,22,1292729,1.7018261368005203,WONDER_1999_2020,
Hawaii,15,2006,21,1309731,1.603382679344079,WONDER_1999_2020,
Hawaii,15,2007,27,1315675,2.0521785395329397,WONDER_1999_2020,
Hawaii,15,2008,28,1332213,2.1017660088889687,WONDER_1999_2020,
Hawaii,15,2009,36,1346717,2.673167413792207,WONDER_1999_2020,
Hawaii,15,2010,37,1360301,2.7199862383398967,WONDER_1999_2020,
Hawaii,15,2011,42,1374810,3.05496759552229,WONDER_1999_2020,
Hawaii,15,2012,43,1392313,3.088386016649992,WONDER_1999_2020,
Hawaii,15,2013,28,1404054,1.994225293329174,WONDER_1999_2020,
Hawaii,15,2014,33,1419561,2.324662342794709,WONDER_1999_2020,
Hawaii,15,2015,44,1431603,3.0734777728183023,WONDER_1999_2020,
Hawaii,15,2016,37,1428557,2.5900261592642084,WONDER_1999_2020,
Hawaii,15,2017,30,1427538,2.1015202397414288,WONDER_1999_2020,
Hawaii,15,2018,30,1420491,2.111945799023014,WONDER_1999_2020,
Hawaii,15,2019,41,1415872,2.895741987976314,WONDER_1999_2020,
Hawaii,15,2020,31,1407006,2.20325997188356,WONDER_1999_2020,
Hawaii,15,2021,42,1441553,2.9135245114123447,WONDER_2018_2024_single_race,
Hawaii,15,2022,45,1440196,3.124574710664382,WONDER_2018_2024_single_race,
Hawaii,15,2023,50,1435138,3.483985512194646,WONDER_2018_2024_single_race,
Hawaii,15,2024,31,1446146,2.143628651602259,WONDER_2018_2024_single_race,
Idaho,16,1999,125,1275674,9.798741684787807,WONDER_1999_2020,2016.0
Idaho,16,2000,107,1293953,8.26923389025722,WONDER_1999_2020,2016.0
Idaho,16,2001,136,1319962,10.303326913956614,WONDER_1999_2020,2016.0
Idaho,16,2002,137,1340372,10.221043113404338,WONDER_1999_2020,2016.0
Idaho,16,2003,137,1363380,10.048555795156156,WONDER_1999_2020,2016.0
Idaho,16,2004,151,1391802,10.849244360907658,WONDER_1999_2020,2016.0
Idaho,16,2005,160,1428241,11.202591159335155,WONDER_1999_2020,2016.0
Idaho,16,2006,145,1468669,9.872884904631336,WONDER_1999_2020,2016.0
Idaho,16,2007,147,1505105,9.766760458572657,WONDER_1999_2020,2016.0
Idaho,16,2008,149,1534320,9.711142395328224,WONDER_1999_2020,2016.0
Idaho,16,2009,176,1554439,11.322412780430755,WONDER_1999_2020,2016.0
Idaho,16,2010,182,1567582,11.610237933326614,WONDER_1999_2020,2016.0
Idaho,16,2011,167,1584985,10.536377315873652,WONDER_1999_2020,2016.0
Idaho,16,2012,176,1595728,11.029448627836322,WONDER_1999_2020,2016.0
Idaho,16,2013,200,1612136,12.405901239101414,WONDER_1999_2020,2016.0
Idaho,16,2014,182,1634464,11.135148892848052,WONDER_1999_2020,2016.0
Idaho,16,2015,215,1654930,12.991486044726969,WONDER_1999_2020,2016.0
Idaho,16,2016,215,1683140,12.773744311227823,WONDER_1999_2020,2016.0
Idaho,16,2017,244,1716943,14.211304626886273,WONDER_1999_2020,2016.0
Idaho,16,2018,250,1754208,14.251445666648424,WONDER_1999_2020,2016.0
Idaho,16,2019,223,1787065,12.478561216295995,WONDER_1999_2020,2016.0
Idaho,16,2020,277,1826913,15.162188894599797,WONDER_1999_2020,2016.0
Idaho,16,2021,262,1900923,13.78277815566438,WONDER_2018_2024_single_race,2016.0
Idaho,16,2022,285,1939033,14.698047944516674,WONDER_2018_2024_single_race,2016.0
Idaho,16,2023,304,1964726,15.472895457178254,WONDER_2018_2024_single_race,2016.0
Idaho,16,2024,286,2001619,14.288433513071169,WONDER_2018_2024_single_race,2016.0
Illinois,17,1999,481,12359020,3.89189434113708,WONDER_1999_2020,
Illinois,17,2000,431,12419293,3.470406890311711,WONDER_1999_2020,
Illinois,17,2001,505,12488445,4.043738031436259,WONDER_1999_2020,
Illinois,17,2002,466,12525556,3.720393729428059,WONDER_1999_2020,
Illinois,17,2003,404,12556006,3.2175836806704297,WONDER_1999_2020,
Illinois,17,2004,387,12589773,3.0739235727284364,WONDER_1999_2020,
Illinois,17,2005,424,12609903,3.362436649988505,WONDER_1999_2020,
Illinois,17,2006,372,12643955,2.942117399184037,WONDER_1999_2020,
Illinois,17,2007,423,12695866,3.331793199455634,WONDER_1999_2020,
Illinois,17,2008,438,12747038,3.4360923690664453,WONDER_1999_2020,
Illinois,17,2009,402,12796778,3.1414157532466374,WONDER_1999_2020,
Illinois,17,2010,442,12830632,3.44488096923051,WONDER_1999_2020,
Illinois,17,2011,461,12869257,3.582180385394433,WONDER_1999_2020,
Illinois,17,2012,490,12875255,3.8057498667016696,WONDER_1999_2020,
Illinois,17,2013,496,12882135,3.8502934490284413,WONDER_1999_2020,
Illinois,17,2014,533,12880580,4.138012418695431,WONDER_1999_2020,
Illinois,17,2015,495,12859995,3.8491461310832547,WONDER_1999_2020,
Illinois,17,2016,506,12801539,3.9526497556270384,WONDER_1999_2020,
Illinois,17,2017,577,12802023,4.507100166903309,WONDER_1999_2020,
Illinois,17,2018,573,12741080,4.4972639682036375,WONDER_1999_2020,
Illinois,17,2019,540,12671821,4.261423831665551,WONDER_1999_2020,
Illinois,17,2020,543,12587530,4.313793095229961,WONDER_1999_2020,
Illinois,17,2021,656,12671469,5.17698461007165,WONDER_2018_2024_single_race,
Illinois,17,2022,676,12582032,5.372741064400409,WONDER_2018_2024_single_race,
Illinois,17,2023,688,12549689,5.482207567056044,WONDER_2018_2024_single_race,
Illinois,17,2024,651,12710158,5.121887548526147,WONDER_2018_2024_single_race,
Indiana,18,1999,368,6044969,6.087706984105295,WONDER_1999_2020,2022.0
Indiana,18,2000,411,6080485,6.759329231138635,WONDER_1999_2020,2022.0
Indiana,18,2001,411,6127760,6.707181743410317,WONDER_1999_2020,2022.0
Indiana,18,2002,448,6155967,7.277491903384148,WONDER_1999_2020,2022.0
Indiana,18,2003,418,6196638,6.7455933362575,WONDER_1999_2020,2022.0
Indiana,18,2004,385,6233007,6.176793961566223,WONDER_1999_2020,2022.0
Indiana,18,2005,416,6278616,6.625663999836906,WONDER_1999_2020,2022.0
Indiana,18,2006,442,6332669,6.979679500065455,WONDER_1999_2020,2022.0
Indiana,18,2007,392,6379599,6.1445868306142755,WONDER_1999_2020,2022.0
Indiana,18,2008,450,6424806,7.004102536325611,WONDER_1999_2020,2022.0
Indiana,18,2009,458,6459325,7.0905241646766495,WONDER_1999_2020,2022.0
Indiana,18,2010,455,6483802,7.017487579046985,WONDER_1999_2020,2022.0
Indiana,18,2011,411,6516922,6.306658265972801,WONDER_1999_2020,2022.0
Indiana,18,2012,513,6537334,7.847235585637815,WONDER_1999_2020,2022.0
Indiana,18,2013,523,6570902,7.959333437022802,WONDER_1999_2020,2022.0
Indiana,18,2014,528,6596855,8.003813938611657,WONDER_1999_2020,2022.0
Indiana,18,2015,517,6619680,7.810045198559448,WONDER_1999_2020,2022.0
Indiana,18,2016,591,6633053,8.909924283734805,WONDER_1999_2020,2022.0
Indiana,18,2017,604,6666818,9.059794342668422,WONDER_1999_2020,2022.0
Indiana,18,2018,588,6691878,8.786771067852701,WONDER_1999_2020,2022.0
Indiana,18,2019,570,6732219,8.466747739489758,WONDER_1999_2020,2022.0
Indiana,18,2020,609,6754953,9.015606770320977,WONDER_1999_2020,2022.0
Indiana,18,2021,695,6805985,10.211600525126046,WONDER_2018_2024_single_race,2022.0
Indiana,18,2022,692,6833037,10.127268445934071,WONDER_2018_2024_single_race,2022.0
Indiana,18,2023,757,6862199,11.031449248265751,WONDER_2018_2024_single_race,2022.0
Indiana,18,2024,768,6924275,11.091413902538532,WONDER_2018_2024_single_race,2022.0
Iowa,19,1999,160,2917634,5.483895512596851,WONDER_1999_2020,2021.0
Iowa,19,2000,157,2926324,5.365092860530823,WONDER_1999_2020,2021.0
Iowa,19,2001,157,2931997,5.35471216375733,WONDER_1999_2020,2021.0
Iowa,19,2002,157,2934234,5.350629840701185,WONDER_1999_2020,2021.0
Iowa,19,2003,178,2941999,6.050307970872866,WONDER_1999_2020,2021.0
Iowa,19,2004,155,2953635,5.24777096696105,WONDER_1999_2020,2021.0
Iowa,19,2005,170,2964454,5.734614198769824,WONDER_1999_2020,2021.0
Iowa,19,2006,149,2982644,4.995567690948031,WONDER_1999_2020,2021.0
Iowa,19,2007,133,2999212,4.434498128175,WONDER_1999_2020,2021.0
Iowa,19,2008,180,3016734,5.966717648954134,WONDER_1999_2020,2021.0
Iowa,19,2009,160,3032870,5.2755310976072165,WONDER_1999_2020,2021.0
Iowa,19,2010,177,3046355,5.810222380517044,WONDER_1999_2020,2021.0
Iowa,19,2011,185,3062309,6.041193099716586,WONDER_1999_2020,2021.0
Iowa,19,2012,175,3074186,5.692563820146211,WONDER_1999_2020,2021.0
Iowa,19,2013,221,3090416,7.151140817288029,WONDER_1999_2020,2021.0
Iowa,19,2014,194,3107126,6.243712034851499,WONDER_1999_2020,2021.0
Iowa,19,2015,193,3123899,6.178176695213258,WONDER_1999_2020,2021.0
Iowa,19,2016,228,3134693,7.273439536184245,WONDER_1999_2020,2021.0
Iowa,19,2017,222,3145711,7.057228079756849,WONDER_1999_2020,2021.0
Iowa,19,2018,231,3156145,7.319055366594373,WONDER_1999_2020,2021.0
Iowa,19,2019,233,3155070,7.384939161413217,WONDER_1999_2020,2021.0
Iowa,19,2020,260,3163561,8.218586586444832,WONDER_1999_2020,2021.0
Iowa,19,2021,293,3193079,9.176096175509596,WONDER_2018_2024_single_race,2021.0
Iowa,19,2022,288,3200517,8.998546172384025,WONDER_2018_2024_single_race,2021.0
Iowa,19,2023,266,3207004,8.294345750738072,WONDER_2018_2024_single_race,2021.0
Iowa,19,2024,318,3241488,9.810309339414491,WONDER_2018_2024_single_race,2021.0
Kansas,20,1999,166,2678338,6.197873457345564,WONDER_1999_2020,2015.0
Kansas,20,2000,186,2688418,6.918566978795708,WONDER_1999_2020,2015.0
Kansas,20,2001,160,2702162,5.921184592189514,WONDER_1999_2020,2015.0
Kansas,20,2002,184,2713535,6.7808228012537155,WONDER_1999_2020,2015.0
Kansas,20,2003,211,2723004,7.748795080727021,WONDER_1999_2020,2015.0
Kansas,20,2004,204,2734373,7.4605768854505214,WONDER_1999_2020,2015.0
Kansas,20,2005,188,2745299,6.848070100925254,WONDER_1999_2020,2015.0
Kansas,20,2006,211,2762931,7.636817568010204,WONDER_1999_2020,2015.0
Kansas,20,2007,213,2783785,7.65145296781181,WONDER_1999_2020,2015.0
Kansas,20,2008,185,2808076,6.588140776816582,WONDER_1999_2020,2015.0
Kansas,20,2009,200,2832704,7.060391767018369,WONDER_1999_2020,2015.0
Kansas,20,2010,210,2853118,7.360368551178045,WONDER_1999_2020,2015.0
Kansas,20,2011,233,2871238,8.114966436080882,WONDER_1999_2020,2015.0
Kansas,20,2012,297,2885905,10.291399058527569,WONDER_1999_2020,2015.0
Kansas,20,2013,241,2893957,8.3276980273031,WONDER_1999_2020,2015.0
Kansas,20,2014,238,2904021,8.195533021283248,WONDER_1999_2020,2015.0
Kansas,20,2015,224,2911641,7.693256139750745,WONDER_1999_2020,2015.0
Kansas,20,2016,257,2907289,8.839850458623136,WONDER_1999_2020,2015.0
Kansas,20,2017,316,2913123,10.847465074423566,WONDER_1999_2020,2015.0
Kansas,20,2018,292,2911505,10.029177349858578,WONDER_1999_2020,2015.0
Kansas,20,2019,291,2913314,9.98862463847014,WONDER_1999_2020,2015.0
Kansas,20,2020,314,2913805,10.776287363087098,WONDER_1999_2020,2015.0
Kansas,20,2021,345,2934582,11.756359168017795,WONDER_2018_2024_single_race,2015.0
Kansas,20,2022,349,2937150,11.882266823281071,WONDER_2018_2024_single_race,2015.0
Kansas,20,2023,320,2940546,10.88233273684547,WONDER_2018_2024_single_race,2015.0
Kansas,20,2024,316,2970606,10.637560147660107,WONDER_2018_2024_single_race,2015.0
Kentucky,21,1999,334,4018053,8.312483683017621,WONDER_1999_2020,2019.0
Kentucky,21,2000,373,4041769,9.228632314216869,WONDER_1999_2020,2019.0
Kentucky,21,2001,331,4068132,8.136412486123852,WONDER_1999_2020,2019.0
Kentucky,21,2002,364,4089875,8.900027506953146,WONDER_1999_2020,2019.0
Kentucky,21,2003,400,4117170,9.715411314082246,WONDER_1999_2020,2019.0
Kentucky,21,2004,377,4146101,9.092880274744875,WONDER_1999_2020,2019.0
Kentucky,21,2005,373,4182742,8.917595204294216,WONDER_1999_2020,2019.0
Kentucky,21,2006,383,4219239,9.077466339309055,WONDER_1999_2020,2019.0
Kentucky,21,2007,422,4256672,9.913848189383632,WONDER_1999_2020,2019.0
Kentucky,21,2008,394,4289878,9.184410372509427,WONDER_1999_2020,2019.0
Kentucky,21,2009,403,4317074,9.335026455418646,WONDER_1999_2020,2019.0
Kentucky,21,2010,404,4339367,9.310113664043627,WONDER_1999_2020,2019.0
Kentucky,21,2011,453,4369356,10.36766058888312,WONDER_1999_2020,2019.0
Kentucky,21,2012,469,4380415,10.706748104917,WONDER_1999_2020,2019.0
Kentucky,21,2013,453,4395295,10.306475447040528,WONDER_1999_2020,2019.0
Kentucky,21,2014,470,4413457,10.64924842362801,WONDER_1999_2020,2019.0
Kentucky,21,2015,499,4425092,11.276601706811972,WONDER_1999_2020,2019.0
Kentucky,21,2016,495,4436974,11.156251986150922,WONDER_1999_2020,2019.0
Kentucky,21,2017,470,4454189,10.551864772689258,WONDER_1999_2020,2019.0
Kentucky,21,2018,509,4468402,11.39109686192066,WONDER_1999_2020,2019.0
Kentucky,21,2019,445,4467673,9.960442494336537,WONDER_1999_2020,2019.0
Kentucky,21,2020,518,4477251,11.5695992920656,WONDER_1999_2020,2019.0
Kentucky,21,2021,534,4509394,11.841945946617217,WONDER_2018_2024_single_race,2019.0
Kentucky,21,2022,527,4512310,11.67916211430509,WONDER_2018_2024_single_race,2019.0
Kentucky,21,2023,542,4526154,11.974846635797192,WONDER_2018_2024_single_race,2019.0
Kentucky,21,2024,572,4588372,12.466295234998384,WONDER_2018_2024_single_race,2019.0
Louisiana,22,1999,389,4460811,8.720387391440704,WONDER_1999_2020,
Louisiana,22,2000,326,4468976,7.294735975310676,WONDER_1999_2020,
Louisiana,22,2001,352,4477875,7.860871507132289,WONDER_1999_2020,
Louisiana,22,2002,349,4497267,7.760268625367361,WONDER_1999_2020,
Louisiana,22,2003,316,4521042,6.989539137216598,WONDER_1999_2020,
Louisiana,22,2004,371,4552238,8.149837508495821,WONDER_1999_2020,
Louisiana,22,2005,348,4576628,7.603851569321343,WONDER_1999_2020,
Louisiana,22,2006,331,4302665,7.692906605557253,WONDER_1999_2020,
Louisiana,22,2007,335,4375581,7.656126123593643,WONDER_1999_2020,
Louisiana,22,2008,351,4435586,7.9132723387620025,WONDER_1999_2020,
Louisiana,22,2009,328,4491648,7.302442221652275,WONDER_1999_2020,
Louisiana,22,2010,385,4533372,8.492574622157635,WONDER_1999_2020,
Louisiana,22,2011,377,4574836,8.240732563965135,WONDER_1999_2020,
Louisiana,22,2012,375,4601893,8.148820496260996,WONDER_1999_2020,
Louisiana,22,2013,408,4625470,8.820725245218323,WONDER_1999_2020,
Louisiana,22,2014,444,4649676,9.5490524501062,WONDER_1999_2020,
Louisiana,22,2015,468,4670724,10.019859876113426,WONDER_1999_2020,
Louisiana,22,2016,440,4681666,9.398363744872018,WONDER_1999_2020,
Louisiana,22,2017,444,4684333,9.478403862406878,WONDER_1999_2020,
Louisiana,22,2018,467,4659978,10.021506539301258,WONDER_1999_2020,
Louisiana,22,2019,446,4648794,9.593886070236712,WONDER_1999_2020,
Louisiana,22,2020,406,4645318,8.73998292474272,WONDER_1999_2020,
Louisiana,22,2021,463,4624047,10.012874004092087,WONDER_2018_2024_single_race,
Louisiana,22,2022,488,4590241,10.631250080333473,WONDER_2018_2024_single_race,
Louisiana,22,2023,485,4573749,10.60399247969226,WONDER_2018_2024_single_race,
Louisiana,22,2024,443,4597740,9.635168582825475,WONDER_2018_2024_single_race,
Maine,23,1999,91,1266808,7.183409009100038,WONDER_1999_2020,2015.0
Maine,23,2000,98,1274923,7.686738728534978,WONDER_1999_2020,2015.0
Maine,23,2001,86,1285692,6.689004831639305,WONDER_1999_2020,2015.0
Maine,23,2002,79,1295960,6.095867156393716,WONDER_1999_2020,2015.0
Maine,23,2003,71,1306513,5.434312555634731,WONDER_1999_2020,2015.0
Maine,23,2004,97,1313688,7.383792803161786,WONDER_1999_2020,2015.0
Maine,23,2005,100,1318787,7.5827256410625825,WONDER_1999_2020,2015.0
Maine,23,2006,87,1323619,6.57288842181927,WONDER_1999_2020,2015.0
Maine,23,2007,90,1327040,6.782011092355919,WONDER_1999_2020,2015.0
Maine,23,2008,103,1330509,7.741398216772678,WONDER_1999_2020,2015.0
Maine,23,2009,106,1329590,7.972382463767026,WONDER_1999_2020,2015.0
Maine,23,2010,95,1328361,7.151670366715072,WONDER_1999_2020,2015.0
Maine,23,2011,113,1328188,8.507831722617581,WONDER_1999_2020,2015.0
Maine,23,2012,112,1329192,8.426171689266862,WONDER_1999_2020,2015.0
Maine,23,2013,137,1328302,10.313919575518218,WONDER_1999_2020,2015.0
Maine,23,2014,116,1330089,8.721220910781158,WONDER_1999_2020,2015.0
Maine,23,2015,128,1329328,9.628925291575895,WONDER_1999_2020,2015.0
Maine,23,2016,112,1331479,8.41169856978593,WONDER_1999_2020,2015.0
Maine,23,2017,151,1335907,11.30318203288103,WONDER_1999_2020,2015.0
Maine,23,2018,147,1338404,10.983230773368877,WONDER_1999_2020,2015.0
Maine,23,2019,144,1344212,10.71259592980869,WONDER_1999_2020,2015.0
Maine,23,2020,132,1350141,9.776756649861015,WONDER_1999_2020,2015.0
Maine,23,2021,158,1372247,11.513962136554133,WONDER_2018_2024_single_race,2015.0
Maine,23,2022,156,1385340,11.260773528520074,WONDER_2018_2024_single_race,2015.0
Maine,23,2023,158,1395722,11.32030590619049,WONDER_2018_2024_single_race,2015.0
Maine,23,2024,157,1405012,11.174281785493648,WONDER_2018_2024_single_race,2015.0
Maryland,24,1999,241,5254509,4.586537010403827,WONDER_1999_2020,
Maryland,24,2000,245,5296486,4.6257084414081335,WONDER_1999_2020,
Maryland,24,2001,220,5374691,4.093258570585732,WONDER_1999_2020,
Maryland,24,2002,233,5440389,4.282781984891154,WONDER_1999_2020,
Maryland,24,2003,239,5496269,4.348404344838289,WONDER_1999_2020,
Maryland,24,2004,250,5546935,4.506993501816769,WONDER_1999_2020,
Maryland,24,2005,220,5592379,3.9339250791121274,WONDER_1999_2020,
Maryland,24,2006,238,5627367,4.229331408454433,WONDER_1999_2020,
Maryland,24,2007,233,5653408,4.1214078304626165,WONDER_1999_2020,
Maryland,24,2008,263,5684965,4.626237804454381,WONDER_1999_2020,
Maryland,24,2009,252,5730388,4.397607980471828,WONDER_1999_2020,
Maryland,24,2010,222,5773552,3.845119953886273,WONDER_1999_2020,
Maryland,24,2011,242,5828289,4.152161980986187,WONDER_1999_2020,
Maryland,24,2012,272,5884563,4.622263369429471,WONDER_1999_2020,
Maryland,24,2013,257,5928814,4.334762399360142,WONDER_1999_2020,
Maryland,24,2014,277,5976407,4.634891833839295,WONDER_1999_2020,
Maryland,24,2015,244,6006401,4.062332834587634,WONDER_1999_2020,
Maryland,24,2016,251,6016447,4.171897467059877,WONDER_1999_2020,
Maryland,24,2017,271,6052177,4.477727601159054,WONDER_1999_2020,
Maryland,24,2018,266,6042718,4.401992613257809,WONDER_1999_2020,
Maryland,24,2019,268,6045680,4.432917388945495,WONDER_1999_2020,
Maryland,24,2020,267,6055802,4.408994877969921,WONDER_1999_2020,
Maryland,24,2021,310,6165129,5.028280835648371,WONDER_2018_2024_single_race,
Maryland,24,2022,269,6164660,4.363582095362923,WONDER_2018_2024_single_race,
Maryland,24,2023,267,6180253,4.320211486487689,WONDER_2018_2024_single_race,
Maryland,24,2024,302,6263220,4.821800926679887,WONDER_2018_2024_single_race,
Massachusetts,25,1999,118,6317345,1.8678732917071965,WONDER_1999_2020,
Massachusetts,25,2000,105,6349097,1.6537784821999097,WONDER_1999_2020,
Massachusetts,25,2001,107,6397634,1.6724932998667945,WONDER_1999_2020,
Massachusetts,25,2002,99,6417206,1.542727473607673,WONDER_1999_2020,
Massachusetts,25,2003,122,6422565,1.8995525930839159,WONDER_1999_2020,
Massachusetts,25,2004,95,6412281,1.4815320788343493,WONDER_1999_2020,
Massachusetts,25,2005,111,6403290,1.733483880942453,WONDER_1999_2020,
Massachusetts,25,2006,101,6410084,1.5756423784774114,WONDER_1999_2020,
Massachusetts,25,2007,114,6431559,1.7725095890436517,WONDER_1999_2020,
Massachusetts,25,2008,118,6468967,1.8240933985286987,WONDER_1999_2020,
Massachusetts,25,2009,89,6517613,1.3655306014640636,WONDER_1999_2020,
Massachusetts,25,2010,138,6547629,2.10763316003396,WONDER_1999_2020,
Massachusetts,25,2011,116,6587536,1.7609011927980356,WONDER_1999_2020,
Massachusetts,25,2012,151,6646144,2.271994106657936,WONDER_1999_2020,
Massachusetts,25,2013,112,6692824,1.67343411391066,WONDER_1999_2020,
Massachusetts,25,2014,130,6745408,1.927237018131446,WONDER_1999_2020,
Massachusetts,25,2015,118,6794422,1.736718737811693,WONDER_1999_2020,
Massachusetts,25,2016,140,6811779,2.0552633900776875,WONDER_1999_2020,
Massachusetts,25,2017,152,6859819,2.2158019038111645,WONDER_1999_2020,
Massachusetts,25,2018,148,6902149,2.1442597080996078,WONDER_1999_2020,
Massachusetts,25,2019,142,6892503,2.0602094768765427,WONDER_1999_2020,
Massachusetts,25,2020,134,6893574,1.943839291490887,WONDER_1999_2020,
Massachusetts,25,2021,136,6984723,1.9471065638537135,WONDER_2018_2024_single_race,
Massachusetts,25,2022,149,6981974,2.134066955849449,WONDER_2018_2024_single_race,
Massachusetts,25,2023,147,7001399,2.099580383863282,WONDER_2018_2024_single_race,
Massachusetts,25,2024,184,7136171,2.578413549787414,WONDER_2018_2024_single_race,
Michigan,26,1999,542,9897116,5.476342805318236,WONDER_1999_2020,
Michigan,26,2000,531,9938444,5.342888685593037,WONDER_1999_2020,
Michigan,26,2001,542,9991120,5.424817237707084,WONDER_1999_2020,
Michigan,26,2002,578,10015710,5.770933862901382,WONDER_1999_2020,
Michigan,26,2003,523,10041152,5.2085657103886085,WONDER_1999_2020,
Michigan,26,2004,532,10055315,5.290734303201839,WONDER_1999_2020,
Michigan,26,2005,554,10051137,5.5118142355437,WONDER_1999_2020,
Michigan,26,2006,598,10036081,5.958501132065395,WONDER_1999_2020,
Michigan,26,2007,558,10001284,5.579283619983194,WONDER_1999_2020,
Michigan,26,2008,570,9946889,5.730434912865721,WONDER_1999_2020,
Michigan,26,2009,575,9901591,5.807147558407533,WONDER_1999_2020,
Michigan,26,2010,601,9883640,6.080755673011158,WONDER_1999_2020,
Michigan,26,2011,619,9876187,6.267601048866329,WONDER_1999_2020,
Michigan,26,2012,623,9883360,6.303524307522948,WONDER_1999_2020,
Michigan,26,2013,674,9895622,6.8110928246855025,WONDER_1999_2020,
Michigan,26,2014,671,9909877,6.7710224859501285,WONDER_1999_2020,
Michigan,26,2015,692,9922576,6.973995462468618,WONDER_1999_2020,
Michigan,26,2016,717,9928300,7.221780163774262,WONDER_1999_2020,
Michigan,26,2017,682,9962311,6.845801139916231,WONDER_1999_2020,
Michigan,26,2018,806,9995915,8.063293855539989,WONDER_1999_2020,
Michigan,26,2019,742,9986857,7.429764940060722,WONDER_1999_2020,
Michigan,26,2020,761,9966555,7.635537053676019,WONDER_1999_2020,
Michigan,26,2021,810,10050811,8.059051155175437,WONDER_2018_2024_single_race,
Michigan,26,2022,842,10034113,8.39137450415398,WONDER_2018_2024_single_race,
Michigan,26,2023,836,10037261,8.328965441867059,WONDER_2018_2024_single_race,
Michigan,26,2024,801,10140459,7.899050723443584,WONDER_2018_2024_single_race,
Minnesota,27,1999,228,4873481,4.678380812400828,WONDER_1999_2020,
Minnesota,27,2000,223,4919479,4.533000344142134,WONDER_1999_2020,
Minnesota,27,2001,242,4982796,4.856710971109393,WONDER_1999_2020,
Minnesota,27,2002,238,5018935,4.742041887372521,WONDER_1999_2020,
Minnesota,27,2003,244,5053572,4.828268005284182,WONDER_1999_2020,
Minnesota,27,2004,268,5087713,5.267592727813066,WONDER_1999_2020,
Minnesota,27,2005,255,5119598,4.980859825322223,WONDER_1999_2020,
Minnesota,27,2006,243,5163555,4.706060069080314,WONDER_1999_2020,
Minnesota,27,2007,265,5207203,5.089104457805851,WONDER_1999_2020,
Minnesota,27,2008,289,5247018,5.507890386501438,WONDER_1999_2020,
Minnesota,27,2009,281,5281203,5.320757410764177,WONDER_1999_2020,
Minnesota,27,2010,280,5303925,5.2791093388386905,WONDER_1999_2020,
Minnesota,27,2011,322,5344861,6.024478466324943,WONDER_1999_2020,
Minnesota,27,2012,310,5379139,5.763004079277372,WONDER_1999_2020,
Minnesota,27,2013,339,5420380,6.254174061597157,WONDER_1999_2020,
Minnesota,27,2014,308,5457173,5.643947882905673,WONDER_1999_2020,
Minnesota,27,2015,304,5489594,5.537750150557582,WONDER_1999_2020,
Minnesota,27,2016,332,5519952,6.014545054014962,WONDER_1999_2020,
Minnesota,27,2017,365,5576606,6.545199714665157,WONDER_1999_2020,
Minnesota,27,2018,356,5611179,6.344477693547114,WONDER_1999_2020,
Minnesota,27,2019,350,5639632,6.206078694496378,WONDER_1999_2020,
Minnesota,27,2020,354,5657342,6.257355486021527,WONDER_1999_2020,
Minnesota,27,2021,393,5707390,6.885809450554457,WONDER_2018_2024_single_race,
Minnesota,27,2022,402,5717184,7.031433656849245,WONDER_2018_2024_single_race,
Minnesota,27,2023,379,5737915,6.605186727234544,WONDER_2018_2024_single_race,
Minnesota,27,2024,417,5793151,7.198155200857012,WONDER_2018_2024_single_race,
Mississippi,28,1999,244,2828408,8.626761061346171,WONDER_1999_2020,2015.0
Mississippi,28,2000,220,2844658,7.733794361220225,WONDER_1999_2020,2015.0
Mississippi,28,2001,239,2852994,8.377164480542195,WONDER_1999_2020,2015.0
Mississippi,28,2002,254,2858681,8.885216643619907,WONDER_1999_2020,2015.0
Mississippi,28,2003,247,2868312,8.6113365631075,WONDER_1999_2020,2015.0
Mississippi,28,2004,245,2889010,8.480413705733106,WONDER_1999_2020,2015.0
Mississippi,28,2005,251,2905943,8.63747155398437,WONDER_1999_2020,2015.0
Mississippi,28,2006,219,2904978,7.538783426242815,WONDER_1999_2020,2015.0
Mississippi,28,2007,279,2928350,9.527549643997473,WONDER_1999_2020,2015.0
Mississippi,28,2008,286,2947806,9.702131008621327,WONDER_1999_2020,2015.0
Mississippi,28,2009,269,2958774,9.091603481712358,WONDER_1999_2020,2015.0
Mississippi,28,2010,256,2967297,8.627380407151694,WONDER_1999_2020,2015.0
Mississippi,28,2011,268,2978512,8.997781442545808,WONDER_1999_2020,2015.0
Mississippi,28,2012,296,2984926,9.916493742223425,WONDER_1999_2020,2015.0
Mississippi,28,2013,279,2991207,9.327338428935208,WONDER_1999_2020,2015.0
Mississippi,28,2014,251,2994079,8.383212333408705,WONDER_1999_2020,2015.0
Mississippi,28,2015,292,2992333,9.758272224381445,WONDER_1999_2020,2015.0
Mississippi,28,2016,268,2988726,8.967031437475367,WONDER_1999_2020,2015.0
Mississippi,28,2017,295,2984100,9.885727690090814,WONDER_1999_2020,2015.0
Mississippi,28,2018,313,2986530,10.480390285716199,WONDER_1999_2020,2015.0
Mississippi,28,2019,308,2976149,10.34894422288669,WONDER_1999_2020,2015.0
Mississippi,28,2020,278,2966786,9.37040959476012,WONDER_1999_2020,2015.0
Mississippi,28,2021,333,2949965,11.288269521841785,WONDER_2018_2024_single_race,2015.0
Mississippi,28,2022,300,2940057,10.203883802252813,WONDER_2018_2024_single_race,2015.0
Mississippi,28,2023,324,2939690,11.021570301630444,WONDER_2018_2024_single_race,2015.0
Mississippi,28,2024,313,2943045,10.635243429849018,WONDER_2018_2024_single_race,2015.0
Missouri,29,1999,426,5561948,7.659187033032312,WONDER_1999_2020,2017.0
Missouri,29,2000,434,5595211,7.756633306590224,WONDER_1999_2020,2017.0
Missouri,29,2001,427,5641142,7.569389318687599,WONDER_1999_2020,2017.0
Missouri,29,2002,423,5674825,7.453974351631988,WONDER_1999_2020,2017.0
Missouri,29,2003,411,5709403,7.198651067370792,WONDER_1999_2020,2017.0
Missouri,29,2004,389,5747741,6.767876283917456,WONDER_1999_2020,2017.0
Missouri,29,2005,427,5790300,7.374402017166641,WONDER_1999_2020,2017.0
Missouri,29,2006,444,5842704,7.59922118252097,WONDER_1999_2020,2017.0
Missouri,29,2007,452,5887612,7.6771363330328155,WONDER_1999_2020,2017.0
Missouri,29,2008,421,5923916,7.106785443952952,WONDER_1999_2020,2017.0
Missouri,29,2009,471,5961088,7.9012421893453,WONDER_1999_2020,2017.0
Missouri,29,2010,489,5988927,8.165068634164351,WONDER_1999_2020,2017.0
Missouri,29,2011,513,6010688,8.534796682176816,WONDER_1999_2020,2017.0
Missouri,29,2012,546,6021988,9.066773298120156,WONDER_1999_2020,2017.0
Missouri,29,2013,556,6044171,9.198945562592455,WONDER_1999_2020,2017.0
Missouri,29,2014,588,6063589,9.697227170245213,WONDER_1999_2020,2017.0
Missouri,29,2015,605,6083672,9.944651848423124,WONDER_1999_2020,2017.0
Missouri,29,2016,650,6093000,10.667979648777285,WONDER_1999_2020,2017.0
Missouri,29,2017,701,6113532,11.466366741844158,WONDER_1999_2020,2017.0
Missouri,29,2018,726,6126452,11.850251989242713,WONDER_1999_2020,2017.0
Missouri,29,2019,681,6137428,11.09585318149557,WONDER_1999_2020,2017.0
Missouri,29,2020,704,6151548,11.444273864074539,WONDER_1999_2020,2017.0
Missouri,29,2021,747,6168187,12.11052777744903,WONDER_2018_2024_single_race,2017.0
Missouri,29,2022,806,6177957,13.046384104000724,WONDER_2018_2024_single_race,2017.0
Missouri,29,2023,746,6196156,12.039722692585533,WONDER_2018_2024_single_race,2017.0
Missouri,29,2024,730,6245466,11.688479290416439,WONDER_2018_2024_single_race,2017.0
Montana,30,1999,96,897507,10.696295404938347,WONDER_1999_2020,2021.0
Montana,30,2000,107,902195,11.859963755064038,WONDER_1999_2020,2021.0
Montana,30,2001,133,906961,14.664357122301842,WONDER_1999_2020,2021.0
Montana,30,2002,115,911667,12.614254985647174,WONDER_1999_2020,2021.0
Montana,30,2003,120,919630,13.04872611811272,WONDER_1999_2020,2021.0
Montana,30,2004,105,930009,11.290213320516253,WONDER_1999_2020,2021.0
Montana,30,2005,135,940102,14.360143899279015,WONDER_1999_2020,2021.0
Montana,30,2006,102,952692,10.706503256036578,WONDER_1999_2020,2021.0
Montana,30,2007,120,964706,12.439022873289893,WONDER_1999_2020,2021.0
Montana,30,2008,132,976415,13.518841885878444,WONDER_1999_2020,2021.0
Montana,30,2009,136,983982,13.821391041706047,WONDER_1999_2020,2021.0
Montana,30,2010,141,989415,14.250845196403937,WONDER_1999_2020,2021.0
Montana,30,2011,152,998199,15.227424591689635,WONDER_1999_2020,2021.0
Montana,30,2012,153,1005141,15.221745008909199,WONDER_1999_2020,2021.0
Montana,30,2013,147,1015165,14.48040466328134,WONDER_1999_2020,2021.0
Montana,30,2014,149,1023579,14.556766014152302,WONDER_1999_2020,2021.0
Montana,30,2015,174,1032949,16.84497492131751,WONDER_1999_2020,2021.0
Montana,30,2016,162,1042520,15.539270229827725,WONDER_1999_2020,2021.0
Montana,30,2017,213,1050493,20.276194129803816,WONDER_1999_2020,2021.0
Montana,30,2018,160,1062305,15.061587773756125,WONDER_1999_2020,2021.0
Montana,30,2019,172,1068778,16.09314562986888,WONDER_1999_2020,2021.0
Montana,30,2020,189,1080577,17.490655455372455,WONDER_1999_2020,2021.0
Montana,30,2021,239,1104271,21.643237937064363,WONDER_2018_2024_single_race,2021.0
Montana,30,2022,221,1122867,19.68176106342069,WONDER_2018_2024_single_race,2021.0
Montana,30,2023,206,1132812,18.184835612617096,WONDER_2018_2024_single_race,2021.0
Montana,30,2024,212,1137233,18.641738324512215,WONDER_2018_2024_single_race,2021.0
Nebraska,31,1999,108,1704764,6.33518774446199,WONDER_1999_2020,
Nebraska,31,2000,115,1711263,6.720182695471124,WONDER_1999_2020,
Nebraska,31,2001,107,1719836,6.221523447584537,WONDER_1999_2020,
Nebraska,31,2002,105,1728292,6.075362265172783,WONDER_1999_2020,
Nebraska,31,2003,91,1738643,5.233966950086936,WONDER_1999_2020,
Nebraska,31,2004,87,1749370,4.973218930243459,WONDER_1999_2020,
Nebraska,31,2005,100,1761497,5.6769895151680645,WONDER_1999_2020,
Nebraska,31,2006,105,1772693,5.9231914381113935,WONDER_1999_2020,
Nebraska,31,2007,89,1783440,4.990355717041224,WONDER_1999_2020,
Nebraska,31,2008,98,1796378,5.455421965755537,WONDER_1999_2020,
Nebraska,31,2009,93,1812683,5.1305164775087535,WONDER_1999_2020,
Nebraska,31,2010,106,1826341,5.803954464144429,WONDER_1999_2020,
Nebraska,31,2011,111,1842641,6.023962345351048,WONDER_1999_2020,
Nebraska,31,2012,115,1855525,6.197706848466067,WONDER_1999_2020,
Nebraska,31,2013,111,1868516,5.940543190424915,WONDER_1999_2020,
Nebraska,31,2014,133,1881503,7.068816791681969,WONDER_1999_2020,
Nebraska,31,2015,114,1896190,6.012055753906518,WONDER_1999_2020,
Nebraska,31,2016,116,1907116,6.082482659680901,WONDER_1999_2020,
Nebraska,31,2017,126,1920076,6.562240244656982,WONDER_1999_2020,
Nebraska,31,2018,145,1929268,7.515803921487321,WONDER_1999_2020,
Nebraska,31,2019,154,1934408,7.96109197232435,WONDER_1999_2020,
Nebraska,31,2020,139,1937552,7.174001007456832,WONDER_1999_2020,
Nebraska,31,2021,145,1963692,7.384050044507998,WONDER_2018_2024_single_race,
Nebraska,31,2022,185,1967923,9.400774318913902,WONDER_2018_2024_single_race,
Nebraska,31,2023,165,1978379,8.34016131388374,WONDER_2018_2024_single_race,
Nebraska,31,2024,170,2005465,8.476837042780602,WONDER_2018_2024_single_race,
Nevada,32,1999,259,1934718,13.38696388827726,WONDER_1999_2020,
Nevada,32,2000,241,1998257,12.060510735105645,WONDER_1999_2020,
Nevada,32,2001,219,2098399,10.436528038757166,WONDER_1999_2020,
Nevada,32,2002,245,2173791,11.270632733321648,WONDER_1999_2020,
Nevada,32,2003,247,2248850,10.983391511216844,WONDER_1999_2020,
Nevada,32,2004,249,2346222,10.612806460769697,WONDER_1999_2020,
Nevada,32,2005,262,2432143,10.77239290617369,WONDER_1999_2020,
Nevada,32,2006,255,2522658,10.108385678914859,WONDER_1999_2020,
Nevada,32,2007,270,2601072,10.380335492443116,WONDER_1999_2020,
Nevada,32,2008,291,2653630,10.966110573064066,WONDER_1999_2020,
Nevada,32,2009,295,2684665,10.988335602393596,WONDER_1999_2020,
Nevada,32,2010,289,2700551,10.701519800959138,WONDER_1999_2020,
Nevada,32,2011,272,2723322,9.987801662822097,WONDER_1999_2020,
Nevada,32,2012,274,2758931,9.931382843572383,WONDER_1999_2020,
Nevada,32,2013,292,2790136,10.465439677492423,WONDER_1999_2020,
Nevada,32,2014,309,2839099,10.883734593263567,WONDER_1999_2020,
Nevada,32,2015,293,2890845,10.135444826685623,WONDER_1999_2020,
Nevada,32,2016,334,2940058,11.36032010252859,WONDER_1999_2020,
Nevada,32,2017,329,2998039,10.973839900014642,WONDER_1999_2020,
Nevada,32,2018,367,3034392,12.094679922699507,WONDER_1999_2020,
Nevada,32,2019,354,3080156,11.492924384349363,WONDER_1999_2020,
Nevada,32,2020,372,3138259,11.853706147261905,WONDER_1999_2020,
Nevada,32,2021,413,3143991,13.136169919061473,WONDER_2018_2024_single_race,
Nevada,32,2022,422,3177772,13.279744424710143,WONDER_2018_2024_single_race,
Nevada,32,2023,417,3194176,13.055010118415517,WONDER_2018_2024_single_race,
Nevada,32,2024,402,3267467,12.30310818747366,WONDER_2018_2024_single_race,
New Hampshire,33,1999,64,1222014,5.237255874318952,WONDER_1999_2020,2017.0
New Hampshire,33,2000,67,1235786,5.421650674145847,WONDER_1999_2020,2017.0
New Hampshire,33,2001,79,1255517,6.292228619763811,WONDER_1999_2020,2017.0
New Hampshire,33,2002,66,1269089,5.2005808891259795,WONDER_1999_2020,2017.0
New Hampshire,33,2003,75,1279840,5.86010751343918,WONDER_1999_2020,2017.0
New Hampshire,33,2004,57,1290121,4.418190231768959,WONDER_1999_2020,2017.0
New Hampshire,33,2005,79,1298492,6.083980494296461,WONDER_1999_2020,2017.0
New Hampshire,33,2006,69,1308389,5.27366096780086,WONDER_1999_2020,2017.0
New Hampshire,33,2007,71,1312540,5.409358952870008,WONDER_1999_2020,2017.0
New Hampshire,33,2008,85,1315906,6.4594279530604775,WONDER_1999_2020,2017.0
New Hampshire,33,2009,82,1316102,6.230520126859468,WONDER_1999_2020,2017.0
New Hampshire,33,2010,102,1316470,7.747992738155826,WONDER_1999_2020,2017.0
New Hampshire,33,2011,75,1318194,5.68960259263811,WONDER_1999_2020,2017.0
New Hampshire,33,2012,98,1320718,7.420206281734632,WONDER_1999_2020,2017.0
New Hampshire,33,2013,81,1323459,6.120325601321991,WONDER_1999_2020,2017.0
New Hampshire,33,2014,110,1326813,8.29054282706003,WONDER_1999_2020,2017.0
New Hampshire,33,2015,107,1330608,8.041436696607866,WONDER_1999_2020,2017.0
New Hampshire,33,2016,123,1334795,9.214898167883458,WONDER_1999_2020,2017.0
New Hampshire,33,2017,132,1342795,9.830242144184332,WONDER_1999_2020,2017.0
New Hampshire,33,2018,135,1356458,9.952390711691775,WONDER_1999_2020,2017.0
New Hampshire,33,2019,132,1359711,9.707945291315582,WONDER_1999_2020,2017.0
New Hampshire,33,2020,118,1366275,8.63662147078736,WONDER_1999_2020,2017.0
New Hampshire,33,2021,111,1388992,7.991406717965258,WONDER_2018_2024_single_race,2017.0
New Hampshire,33,2022,134,1395231,9.604144403328194,WONDER_2018_2024_single_race,2017.0
New Hampshire,33,2023,122,1402054,8.701519342336315,WONDER_2018_2024_single_race,2017.0
New Hampshire,33,2024,133,1409032,9.439104292876245,WONDER_2018_2024_single_race,2017.0
New Jersey,34,1999,195,8359592,2.332649727402964,WONDER_1999_2020,
New Jersey,34,2000,154,8414350,1.8302067301692941,WONDER_1999_2020,
New Jersey,34,2001,167,8492671,1.9664013830277896,WONDER_1999_2020,
New Jersey,34,2002,176,8552643,2.057843405833729,WONDER_1999_2020,
New Jersey,34,2003,183,8601402,2.1275601349640443,WONDER_1999_2020,
New Jersey,34,2004,185,8634561,2.142552470241394,WONDER_1999_2020,
New Jersey,34,2005,136,8651974,1.5718956159600108,WONDER_1999_2020,
New Jersey,34,2006,173,8661679,1.997303294199658,WONDER_1999_2020,
New Jersey,34,2007,165,8677885,1.901384957279337,WONDER_1999_2020,
New Jersey,34,2008,175,8711090,2.008933440017265,WONDER_1999_2020,
New Jersey,34,2009,173,8755602,1.975877843693672,WONDER_1999_2020,
New Jersey,34,2010,187,8791894,2.126959219481036,WONDER_1999_2020,
New Jersey,34,2011,181,8821155,2.0518854957202315,WONDER_1999_2020,
New Jersey,34,2012,160,8864590,1.804934012740578,WONDER_1999_2020,
New Jersey,34,2013,194,8899339,2.179937184098729,WONDER_1999_2020,
New Jersey,34,2014,194,8938175,2.1704654473648146,WONDER_1999_2020,
New Jersey,34,2015,189,8958013,2.1098428859167764,WONDER_1999_2020,
New Jersey,34,2016,176,8944469,1.9676964613550565,WONDER_1999_2020,
New Jersey,34,2017,204,9005644,2.2652461056644033,WONDER_1999_2020,
New Jersey,34,2018,193,8908520,2.16646536124968,WONDER_1999_2020,
New Jersey,34,2019,173,8882190,1.9477178488638502,WONDER_1999_2020,
New Jersey,34,2020,181,8882371,2.0377442014074845,WONDER_1999_2020,
New Jersey,34,2021,195,9267130,2.10421133619578,WONDER_2018_2024_single_race,
New Jersey,34,2022,229,9261699,2.4725485032497816,WONDER_2018_2024_single_race,
New Jersey,34,2023,214,9290841,2.30334369084564,WONDER_2018_2024_single_race,
New Jersey,34,2024,222,9500851,2.33663279215725,WONDER_2018_2024_single_race,
New Mexico,35,1999,180,1808082,9.95530069985764,WONDER_1999_2020,
New Mexico,35,2000,175,1819046,9.620427410851622,WONDER_1999_2020,
New Mexico,35,2001,188,1831690,10.263745502787042,WONDER_1999_2020,
New Mexico,35,2002,211,1855309,11.372768633149517,WONDER_1999_2020,
New Mexico,35,2003,211,1877574,11.237905936064305,WONDER_1999_2020,
New Mexico,35,2004,196,1903808,10.295155814031668,WONDER_1999_2020,
New Mexico,35,2005,178,1932274,9.211944061763498,WONDER_1999_2020,
New Mexico,35,2006,193,1962137,9.836214290847174,WONDER_1999_2020,
New Mexico,35,2007,189,1990070,9.497153366464497,WONDER_1999_2020,
New Mexico,35,2008,195,2010662,9.698298371382162,WONDER_1999_2020,
New Mexico,35,2009,192,2036802,9.426542197032408,WONDER_1999_2020,
New Mexico,35,2010,204,2059179,9.906860938267144,WONDER_1999_2020,
New Mexico,35,2011,221,2082224,10.613651557181168,WONDER_1999_2020,
New Mexico,35,2012,230,2085538,11.02832938071615,WONDER_1999_2020,
New Mexico,35,2013,222,2085287,10.646016591481173,WONDER_1999_2020,
New Mexico,35,2014,244,2085572,11.699428262366391,WONDER_1999_2020,
New Mexico,35,2015,275,2085109,13.188758956965797,WONDER_1999_2020,
New Mexico,35,2016,243,2081015,11.676994159100246,WONDER_1999_2020,
New Mexico,35,2017,261,2088070,12.499580952745836,WONDER_1999_2020,
New Mexico,35,2018,281,2095428,13.410148189295935,WONDER_1999_2020,
New Mexico,35,2019,284,2096829,13.544261358460801,WONDER_1999_2020,
New Mexico,35,2020,303,2106319,14.38528541972987,WONDER_1999_2020,
New Mexico,35,2021,305,2115877,14.414826570731664,WONDER_2018_2024_single_race,
New Mexico,35,2022,306,2113344,14.479422185881711,WONDER_2018_2024_single_race,
New Mexico,35,2023,284,2114371,13.431890619006788,WONDER_2018_2024_single_race,
New Mexico,35,2024,317,2130256,14.880840612583652,WONDER_2018_2024_single_race,
New York,36,1999,439,18882725,2.32487630890139,WONDER_1999_2020,
New York,36,2000,450,18976457,2.3713594165654843,WONDER_1999_2020,
New York,36,2001,453,19082838,2.3738607433548404,WONDER_1999_2020,
New York,36,2002,411,19137800,2.147582271734473,WONDER_1999_2020,
New York,36,2003,412,19175939,2.1485258166497085,WONDER_1999_2020,
New York,36,2004,401,19171567,2.091639144572794,WONDER_1999_2020,
New York,36,2005,456,19132610,2.3833653641609795,WONDER_1999_2020,
New York,36,2006,412,19104631,2.1565451853008835,WONDER_1999_2020,
New York,36,2007,441,19132335,2.3049983182920433,WONDER_1999_2020,
New York,36,2008,429,19212436,2.2329287134645495,WONDER_1999_2020,
New York,36,2009,422,19307066,2.185728271711507,WONDER_1999_2020,
New York,36,2010,459,19378102,2.3686530290737453,WONDER_1999_2020,
New York,36,2011,505,19465197,2.594373948540053,WONDER_1999_2020,
New York,36,2012,516,19570261,2.6366536450382547,WONDER_1999_2020,
New York,36,2013,465,19651127,2.366276499052701,WONDER_1999_2020,
New York,36,2014,474,19746227,2.4004585787451953,WONDER_1999_2020,
New York,36,2015,421,19795791,2.1267147142541565,WONDER_1999_2020,
New York,36,2016,490,19745289,2.4816045994566096,WONDER_1999_2020,
New York,36,2017,433,19849399,2.1814262487242058,WONDER_1999_2020,
New York,36,2018,445,19542209,2.277122304853049,WONDER_1999_2020,
New York,36,2019,455,19453561,2.338903401798776,WONDER_1999_2020,
New York,36,2020,462,19336776,2.389229724748324,WONDER_1999_2020,
New York,36,2021,439,19835913,2.2131575188901063,WONDER_2018_2024_single_race,
New York,36,2022,492,19677151,2.5003619680511675,WONDER_2018_2024_single_race,
New York,36,2023,491,19571216,2.5087863728038156,WONDER_2018_2024_single_race,
New York,36,2024,503,19867248,2.531805109595451,WONDER_2018_2024_single_race,
North Carolina,37,1999,567,7949361,7.132648775165702,WONDER_1999_2020,
North Carolina,37,2000,621,8049313,7.714944120075837,WONDER_1999_2020,
North Carolina,37,2001,632,8210122,7.69781496547798,WONDER_1999_2020,
North Carolina,37,2002,630,8326201,7.566475995475008,WONDER_1999_2020,
North Carolina,37,2003,619,8422501,7.3493609558491,WONDER_1999_2020,
North Carolina,37,2004,608,8553152,7.108490530742351,WONDER_1999_2020,
North Carolina,37,2005,632,8705407,7.259855857399891,WONDER_1999_2020,
North Carolina,37,2006,660,8917270,7.401368356010304,WONDER_1999_2020,
North Carolina,37,2007,607,9118037,6.657134644222215,WONDER_1999_2020,
North Carolina,37,2008,669,9309449,7.186247005596142,WONDER_1999_2020,
North Carolina,37,2009,678,9449566,7.174932690030421,WONDER_1999_2020,
North Carolina,37,2010,707,9535483,7.41441204394156,WONDER_1999_2020,
North Carolina,37,2011,728,9656401,7.539040683998106,WONDER_1999_2020,
North Carolina,37,2012,709,9752073,7.270249104985165,WONDER_1999_2020,
North Carolina,37,2013,771,9848060,7.828953113608161,WONDER_1999_2020,
North Carolina,37,2014,760,9943964,7.642827347323461,WONDER_1999_2020,
North Carolina,37,2015,787,10042802,7.836458390795717,WONDER_1999_2020,
North Carolina,37,2016,788,10146788,7.766004374980536,WONDER_1999_2020,
North Carolina,37,2017,840,10273419,8.176440579324177,WONDER_1999_2020,
North Carolina,37,2018,873,10383620,8.407472538478872,WONDER_1999_2020,
North Carolina,37,2019,781,10488084,7.446546004017511,WONDER_1999_2020,
North Carolina,37,2020,879,10600823,8.29180904161875,WONDER_1999_2020,
North Carolina,37,2021,916,10551162,8.681508254730616,WONDER_2018_2024_single_race,
North Carolina,37,2022,992,10698973,9.271917968201246,WONDER_2018_2024_single_race,
North Carolina,37,2023,1000,10835491,9.228931111658898,WONDER_2018_2024_single_race,
North Carolina,37,2024,1059,11046024,9.587160049625096,WONDER_2018_2024_single_race,
North Dakota,38,1999,39,644259,6.053466074979162,WONDER_1999_2020,2017.0
North Dakota,38,2000,35,642200,5.450015571473061,WONDER_1999_2020,2017.0
North Dakota,38,2001,41,639062,6.415652941342155,WONDER_1999_2020,2017.0
North Dakota,38,2002,53,638168,8.30502312870592,WONDER_1999_2020,2017.0
North Dakota,38,2003,41,638817,6.418113481638716,WONDER_1999_2020,2017.0
North Dakota,38,2004,41,644705,6.359497754787074,WONDER_1999_2020,2017.0
North Dakota,38,2005,56,646089,8.667536515867008,WONDER_1999_2020,2017.0
North Dakota,38,2006,41,649422,6.313306293904426,WONDER_1999_2020,2017.0
North Dakota,38,2007,49,652822,7.505874495651188,WONDER_1999_2020,2017.0
North Dakota,38,2008,55,657569,8.364141253617492,WONDER_1999_2020,2017.0
North Dakota,38,2009,50,664968,7.519158816664862,WONDER_1999_2020,2017.0
North Dakota,38,2010,56,672591,8.326010904100709,WONDER_1999_2020,2017.0
North Dakota,38,2011,51,683932,7.4568816782955025,WONDER_1999_2020,2017.0
North Dakota,38,2012,63,699628,9.004785400241271,WONDER_1999_2020,2017.0
North Dakota,38,2013,76,723393,10.506045814653998,WONDER_1999_2020,2017.0
North Dakota,38,2014,85,739482,11.49453265934803,WONDER_1999_2020,2017.0
North Dakota,38,2015,76,756927,10.040598366817408,WONDER_1999_2020,2017.0
North Dakota,38,2016,75,757952,9.89508570463565,WONDER_1999_2020,2017.0
North Dakota,38,2017,93,755393,12.311472306468287,WONDER_1999_2020,2017.0
North Dakota,38,2018,75,760077,9.86742132704976,WONDER_1999_2020,2017.0
North Dakota,38,2019,79,762062,10.366610590739336,WONDER_1999_2020,2017.0
North Dakota,38,2020,77,765309,10.061295502862242,WONDER_1999_2020,2017.0
North Dakota,38,2021,102,774948,13.16217346196132,WONDER_2018_2024_single_race,2017.0
North Dakota,38,2022,104,779261,13.345977791779648,WONDER_2018_2024_single_race,2017.0
North Dakota,38,2023,85,783926,10.842860167924014,WONDER_2018_2024_single_race,2017.0
North Dakota,38,2024,81,796568,10.168623394361813,WONDER_2018_2024_single_race,2017.0
Ohio,39,1999,626,11335454,5.522496055296947,WONDER_1999_2020,2022.0
Ohio,39,2000,584,11353140,5.14395136499682,WONDER_1999_2020,2022.0
Ohio,39,2001,671,11387404,5.892475580913788,WONDER_1999_2020,2022.0
Ohio,39,2002,675,11407889,5.9169579928416205,WONDER_1999_2020,2022.0
Ohio,39,2003,572,11434788,5.00227901033233,WONDER_1999_2020,2022.0
Ohio,39,2004,657,11452251,5.7368634340969304,WONDER_1999_2020,2022.0
Ohio,39,2005,668,11463320,5.827282148627099,WONDER_1999_2020,2022.0
Ohio,39,2006,626,11481213,5.452385562396587,WONDER_1999_2020,2022.0
Ohio,39,2007,659,11500468,5.73020158831797,WONDER_1999_2020,2022.0
Ohio,39,2008,684,11515391,5.939876466200757,WONDER_1999_2020,2022.0
Ohio,39,2009,590,11528896,5.1175758719655375,WONDER_1999_2020,2022.0
Ohio,39,2010,724,11536504,6.275731365411914,WONDER_1999_2020,2022.0
Ohio,39,2011,726,11544951,6.288463242503151,WONDER_1999_2020,2022.0
Ohio,39,2012,784,11544225,6.791274425091333,WONDER_1999_2020,2022.0
Ohio,39,2013,800,11570808,6.913951039547109,WONDER_1999_2020,2022.0
Ohio,39,2014,744,11594163,6.417022082577241,WONDER_1999_2020,2022.0
Ohio,39,2015,861,11613423,7.413834835775809,WONDER_1999_2020,2022.0
Ohio,39,2016,926,11614373,7.972879810214464,WONDER_1999_2020,2022.0
Ohio,39,2017,918,11658609,7.874009669592659,WONDER_1999_2020,2022.0
Ohio,39,2018,962,11689442,8.229648600848526,WONDER_1999_2020,2022.0
Ohio,39,2019,980,11689100,8.38387899838311,WONDER_1999_2020,2022.0
Ohio,39,2020,903,11693217,7.722425744771519,WONDER_1999_2020,2022.0
Ohio,39,2021,991,11780017,8.412551526878103,WONDER_2018_2024_single_race,2022.0
Ohio,39,2022,1046,11756058,8.897540314959317,WONDER_2018_2024_single_race,2022.0
Ohio,39,2023,1039,11785935,8.81559248375288,WONDER_2018_2024_single_race,2022.0
Ohio,39,2024,1115,11883304,9.382912361747204,WONDER_2018_2024_single_race,2022.0
Oklahoma,40,1999,317,3437147,9.222765275968703,WONDER_1999_2020,2019.0
Oklahoma,40,2000,301,3450654,8.722984106780917,WONDER_1999_2020,2019.0
Oklahoma,40,2001,332,3467100,9.575726111159183,WONDER_1999_2020,2019.0
Oklahoma,40,2002,312,3489080,8.942185332523186,WONDER_1999_2020,2019.0
Oklahoma,40,2003,281,3504892,8.017365442358852,WONDER_1999_2020,2019.0
Oklahoma,40,2004,312,3525233,8.850478819414207,WONDER_1999_2020,2019.0
Oklahoma,40,2005,302,3548597,8.510405661730537,WONDER_1999_2020,2019.0
Oklahoma,40,2006,314,3594090,8.736564749352409,WONDER_1999_2020,2019.0
Oklahoma,40,2007,315,3634349,8.66730190193622,WONDER_1999_2020,2019.0
Oklahoma,40,2008,346,3668976,9.430424183750453,WONDER_1999_2020,2019.0
Oklahoma,40,2009,363,3717572,9.764437649089245,WONDER_1999_2020,2019.0
Oklahoma,40,2010,376,3751351,10.023055693802046,WONDER_1999_2020,2019.0
Oklahoma,40,2011,440,3791508,11.604881224040673,WONDER_1999_2020,2019.0
Oklahoma,40,2012,411,3814820,10.77377176380537,WONDER_1999_2020,2019.0
Oklahoma,40,2013,433,3850568,11.245094230253823,WONDER_1999_2020,2019.0
Oklahoma,40,2014,435,3878051,11.21697471229749,WONDER_1999_2020,2019.0
Oklahoma,40,2015,468,3911338,11.965214972472335,WONDER_1999_2020,2019.0
Oklahoma,40,2016,517,3923561,13.176805458102985,WONDER_1999_2020,2019.0
Oklahoma,40,2017,439,3930864,11.168028199398401,WONDER_1999_2020,2019.0
Oklahoma,40,2018,465,3943079,11.792814701404664,WONDER_1999_2020,2019.0
Oklahoma,40,2019,473,3956971,11.953587731626035,WONDER_1999_2020,2019.0
Oklahoma,40,2020,538,3980783,13.51492909811964,WONDER_1999_2020,2019.0
Oklahoma,40,2021,551,3986639,13.821166150233317,WONDER_2018_2024_single_race,2019.0
Oklahoma,40,2022,539,4019800,13.408627294890293,WONDER_2018_2024_single_race,2019.0
Oklahoma,40,2023,573,4053824,14.134802102903333,WONDER_2018_2024_single_race,2019.0
Oklahoma,40,2024,560,4095393,13.673901381381468,WONDER_2018_2024_single_race,2019.0
Oregon,41,1999,309,3393941,9.104459977353761,WONDER_1999_2020,
Oregon,41,2000,302,3421399,8.82679862828042,WONDER_1999_2020,
Oregon,41,2001,280,3467937,8.073964434763376,WONDER_1999_2020,
Oregon,41,2002,291,3513424,8.282518705399632,WONDER_1999_2020,
Oregon,41,2003,331,3547376,9.330840598797534,WONDER_1999_2020,
Oregon,41,2004,299,3569463,8.376610151162794,WONDER_1999_2020,
Oregon,41,2005,319,3613202,8.828734180928716,WONDER_1999_2020,
Oregon,41,2006,307,3670883,8.363110455985659,WONDER_1999_2020,
Oregon,41,2007,327,3722417,8.78461494238824,WONDER_1999_2020,
Oregon,41,2008,319,3768748,8.464349433817278,WONDER_1999_2020,
Oregon,41,2009,345,3808600,9.05844667331828,WONDER_1999_2020,
Oregon,41,2010,376,3831074,9.814480221473142,WONDER_1999_2020,
Oregon,41,2011,343,3871859,8.858793669914117,WONDER_1999_2020,
Oregon,41,2012,367,3899353,9.411817806697675,WONDER_1999_2020,
Oregon,41,2013,389,3930065,9.898055121225731,WONDER_1999_2020,
Oregon,41,2014,422,3970239,10.629083035051542,WONDER_1999_2020,
Oregon,41,2015,373,4028977,9.257933217290642,WONDER_1999_2020,
Oregon,41,2016,414,4093465,10.113681196736751,WONDER_1999_2020,
Oregon,41,2017,439,4142776,10.596759274457513,WONDER_1999_2020,
Oregon,41,2018,427,4190713,10.189196921860313,WONDER_1999_2020,
Oregon,41,2019,466,4217737,11.048578894321764,WONDER_1999_2020,
Oregon,41,2020,454,4241507,10.703742797076606,WONDER_1999_2020,
Oregon,41,2021,505,4246155,11.893112710204878,WONDER_2018_2024_single_race,
Oregon,41,2022,477,4240137,11.249636509386372,WONDER_2018_2024_single_race,
Oregon,41,2023,489,4233358,11.551113796659767,WONDER_2018_2024_single_race,
Oregon,41,2024,524,4272371,12.264852467166358,WONDER_2018_2024_single_race,
Pennsylvania,42,1999,709,12263805,5.781239998515958,WONDER_1999_2020,
Pennsylvania,42,2000,756,12281054,6.155823433395863,WONDER_1999_2020,
Pennsylvania,42,2001,684,12298970,5.561441323948266,WONDER_1999_2020,
Pennsylvania,42,2002,720,12331031,5.838927823634536,WONDER_1999_2020,
Pennsylvania,42,2003,724,12374658,5.850666741658638,WONDER_1999_2020,
Pennsylvania,42,2004,722,12410722,5.817550340745687,WONDER_1999_2020,
Pennsylvania,42,2005,768,12449990,6.168679653557955,WONDER_1999_2020,
Pennsylvania,42,2006,734,12510809,5.866926751099789,WONDER_1999_2020,
Pennsylvania,42,2007,719,12563937,5.722728472770916,WONDER_1999_2020,
Pennsylvania,42,2008,770,12612285,6.1051585814941545,WONDER_1999_2020,
Pennsylvania,42,2009,825,12666858,6.513059513258931,WONDER_1999_2020,
Pennsylvania,42,2010,762,12702379,5.998876273491761,WONDER_1999_2020,
Pennsylvania,42,2011,883,12742886,6.929356505268901,WONDER_1999_2020,
Pennsylvania,42,2012,819,12763536,6.416717122903873,WONDER_1999_2020,
Pennsylvania,42,2013,918,12773801,7.186584478652831,WONDER_1999_2020,
Pennsylvania,42,2014,897,12787209,7.014822390093101,WONDER_1999_2020,
Pennsylvania,42,2015,932,12802503,7.279826452686635,WONDER_1999_2020,
Pennsylvania,42,2016,976,12784227,7.634407618074992,WONDER_1999_2020,
Pennsylvania,42,2017,993,12805537,7.754458091058579,WONDER_1999_2020,
Pennsylvania,42,2018,1025,12807060,8.003398125721283,WONDER_1999_2020,
Pennsylvania,42,2019,964,12801989,7.530079896178632,WONDER_1999_2020,
Pennsylvania,42,2020,919,12783254,7.189092855387211,WONDER_1999_2020,
Pennsylvania,42,2021,997,12964056,7.6904943946555,WONDER_2018_2024_single_race,
Pennsylvania,42,2022,1060,12972008,8.171441152364384,WONDER_2018_2024_single_race,
Pennsylvania,42,2023,1077,12961683,8.309106155427502,WONDER_2018_2024_single_race,
Pennsylvania,42,2024,1079,13078751,8.250023262924724,WONDER_2018_2024_single_race,
Rhode Island,44,1999,35,1040402,3.3640842674273985,WONDER_1999_2020,
Rhode Island,44,2000,27,1048319,2.575551907386969,WONDER_1999_2020,
Rhode Island,44,2001,25,1057142,2.3648667823244183,WONDER_1999_2020,
Rhode Island,44,2002,30,1065995,2.8142721119705065,WONDER_1999_2020,
Rhode Island,44,2003,12,1071342,1.1200905033126676,WONDER_1999_2020,
Rhode Island,44,2004,22,1074579,2.047313412973825,WONDER_1999_2020,
Rhode Island,44,2005,19,1067916,1.779166151644886,WONDER_1999_2020,
Rhode Island,44,2006,27,1063096,2.5397518192148216,WONDER_1999_2020,
Rhode Island,44,2007,24,1057315,2.269900644557204,WONDER_1999_2020,
Rhode Island,44,2008,23,1055003,2.180088587425818,WONDER_1999_2020,
Rhode Island,44,2009,40,1053646,3.7963414657294763,WONDER_1999_2020,
Rhode Island,44,2010,30,1052567,2.850174858227552,WONDER_1999_2020,
Rhode Island,44,2011,20,1051302,1.9024029251347376,WONDER_1999_2020,
Rhode Island,44,2012,26,1050292,2.4755020508582373,WONDER_1999_2020,
Rhode Island,44,2013,34,1051511,3.2334421608523356,WONDER_1999_2020,
Rhode Island,44,2014,20,1055173,1.8954237835880943,WONDER_1999_2020,
Rhode Island,44,2015,40,1056298,3.7868101615263874,WONDER_1999_2020,
Rhode Island,44,2016,35,1056426,3.3130574219112368,WONDER_1999_2020,
Rhode Island,44,2017,33,1059639,3.114268161137897,WONDER_1999_2020,
Rhode Island,44,2018,23,1057315,2.175321451033987,WONDER_1999_2020,
Rhode Island,44,2019,33,1059361,3.1150854146981053,WONDER_1999_2020,
Rhode Island,44,2020,30,1057125,2.8378857750975524,WONDER_1999_2020,
Rhode Island,44,2021,36,1095610,3.2858407645056182,WONDER_2018_2024_single_race,
Rhode Island,44,2022,23,1093734,2.102887905103069,WONDER_2018_2024_single_race,
Rhode Island,44,2023,38,1095962,3.467273500358589,WONDER_2018_2024_single_race,
Rhode Island,44,2024,42,1112308,3.775932565440508,WONDER_2018_2024_single_race,
South Carolina,45,1999,287,3974682,7.220703442438917,WONDER_1999_2020,
South Carolina,45,2000,297,4012012,7.4027694832418245,WONDER_1999_2020,
South Carolina,45,2001,311,4064995,7.65068591720285,WONDER_1999_2020,
South Carolina,45,2002,304,4107795,7.400564049569173,WONDER_1999_2020,
South Carolina,45,2003,328,4150297,7.903048866141387,WONDER_1999_2020,
South Carolina,45,2004,328,4210921,7.789269853317125,WONDER_1999_2020,
South Carolina,45,2005,314,4270150,7.353371661417046,WONDER_1999_2020,
South Carolina,45,2006,315,4357847,7.22834004957035,WONDER_1999_2020,
South Carolina,45,2007,311,4444110,6.998026601501763,WONDER_1999_2020,
South Carolina,45,2008,343,4528996,7.5734224538948585,WONDER_1999_2020,
South Carolina,45,2009,377,4589872,8.213736679367093,WONDER_1999_2020,
South Carolina,45,2010,392,4625364,8.47500866958795,WONDER_1999_2020,
South Carolina,45,2011,426,4679230,9.104061993105704,WONDER_1999_2020,
South Carolina,45,2012,433,4723723,9.166498543627558,WONDER_1999_2020,
South Carolina,45,2013,470,4774839,9.843263825230547,WONDER_1999_2020,
South Carolina,45,2014,479,4832482,9.912090722738336,WONDER_1999_2020,
South Carolina,45,2015,469,4896146,9.578962718840492,WONDER_1999_2020,
South Carolina,45,2016,525,4961119,10.582290003525415,WONDER_1999_2020,
South Carolina,45,2017,531,5024369,10.568491287164617,WONDER_1999_2020,
South Carolina,45,2018,493,5084127,9.696846675938662,WONDER_1999_2020,
South Carolina,45,2019,532,5148714,10.33267724717279,WONDER_1999_2020,
South Carolina,45,2020,565,5218040,10.827820407662648,WONDER_1999_2020,
South Carolina,45,2021,546,5190705,10.518802359217101,WONDER_2018_2024_single_race,
South Carolina,45,2022,570,5282634,10.790071771014233,WONDER_2018_2024_single_race,
South Carolina,45,2023,533,5373555,9.918945651435596,WONDER_2018_2024_single_race,
South Carolina,45,2024,612,5478831,11.170266065881572,WONDER_2018_2024_single_race,
South Dakota,46,1999,56,750412,7.462567229735132,WONDER_1999_2020,2019.0
South Dakota,46,2000,51,754844,6.756362904123235,WONDER_1999_2020,2019.0
South Dakota,46,2001,43,757972,5.673032776936351,WONDER_1999_2020,2019.0
South Dakota,46,2002,50,760020,6.578774242783084,WONDER_1999_2020,2019.0
South Dakota,46,2003,60,763729,7.856189826496048,WONDER_1999_2020,2019.0
South Dakota,46,2004,61,770396,7.918005804806879,WONDER_1999_2020,2019.0
South Dakota,46,2005,71,775493,9.155466264685819,WONDER_1999_2020,2019.0
South Dakota,46,2006,71,783033,9.0673062310273,WONDER_1999_2020,2019.0
South Dakota,46,2007,44,791623,5.558201315525193,WONDER_1999_2020,2019.0
South Dakota,46,2008,68,799124,8.509317702884658,WONDER_1999_2020,2019.0
South Dakota,46,2009,61,807067,7.558232463971392,WONDER_1999_2020,2019.0
South Dakota,46,2010,65,814180,7.983492593775332,WONDER_1999_2020,2019.0
South Dakota,46,2011,60,824082,7.280828849556233,WONDER_1999_2020,2019.0
South Dakota,46,2012,76,833354,9.119773829609025,WONDER_1999_2020,2019.0
South Dakota,46,2013,71,844877,8.403590108382641,WONDER_1999_2020,2019.0
South Dakota,46,2014,76,853175,8.907902833533566,WONDER_1999_2020,2019.0
South Dakota,46,2015,73,858469,8.503510318951529,WONDER_1999_2020,2019.0
South Dakota,46,2016,84,865454,9.705888470097776,WONDER_1999_2020,2019.0
South Dakota,46,2017,83,869666,9.543893862701312,WONDER_1999_2020,2019.0
South Dakota,46,2018,91,882235,10.314712066512891,WONDER_1999_2020,2019.0
South Dakota,46,2019,98,884659,11.07771469006702,WONDER_1999_2020,2019.0
South Dakota,46,2020,88,892717,9.857547240614887,WONDER_1999_2020,2019.0
South Dakota,46,2021,98,895376,10.945122496024016,WONDER_2018_2024_single_race,2019.0
South Dakota,46,2022,99,909824,10.881225379853687,WONDER_2018_2024_single_race,2019.0
South Dakota,46,2023,89,919318,9.681089677347773,WONDER_2018_2024_single_race,2019.0
South Dakota,46,2024,117,924669,12.653176433945553,WONDER_2018_2024_single_race,2019.0
Tennessee,47,1999,497,5638706,8.814078974856997,WONDER_1999_2020,2021.0
Tennessee,47,2000,501,5689283,8.806030566593366,WONDER_1999_2020,2021.0
Tennessee,47,2001,480,5750789,8.346680777194225,WONDER_1999_2020,2021.0
Tennessee,47,2002,521,5795918,8.989085076772998,WONDER_1999_2020,2021.0
Tennessee,47,2003,493,5847812,8.430503579800446,WONDER_1999_2020,2021.0
Tennessee,47,2004,526,5910809,8.89895105729182,WONDER_1999_2020,2021.0
Tennessee,47,2005,552,5991057,9.213733069139552,WONDER_1999_2020,2021.0
Tennessee,47,2006,569,6088766,9.34507911783767,WONDER_1999_2020,2021.0
Tennessee,47,2007,545,6175727,8.824871954346428,WONDER_1999_2020,2021.0
Tennessee,47,2008,609,6247411,9.748038027272418,WONDER_1999_2020,2021.0
Tennessee,47,2009,574,6306019,9.102414693009964,WONDER_1999_2020,2021.0
Tennessee,47,2010,585,6346105,9.218252770794054,WONDER_1999_2020,2021.0
Tennessee,47,2011,591,6403353,9.229539586525997,WONDER_1999_2020,2021.0
Tennessee,47,2012,626,6456243,9.696041490383804,WONDER_1999_2020,2021.0
Tennessee,47,2013,676,6495978,10.406439184369159,WONDER_1999_2020,2021.0
Tennessee,47,2014,644,6549352,9.833033863502832,WONDER_1999_2020,2021.0
Tennessee,47,2015,638,6600299,9.666228757212362,WONDER_1999_2020,2021.0
Tennessee,47,2016,675,6651194,10.148553778464438,WONDER_1999_2020,2021.0
Tennessee,47,2017,711,6715984,10.586683946834894,WONDER_1999_2020,2021.0
Tennessee,47,2018,690,6770010,10.192008579012438,WONDER_1999_2020,2021.0
Tennessee,47,2019,746,6829174,10.92372225396512,WONDER_1999_2020,2021.0
Tennessee,47,2020,767,6886834,11.137193084659803,WONDER_1999_2020,2021.0
Tennessee,47,2021,814,6975218,11.669886159830416,WONDER_2018_2024_single_race,2021.0
Tennessee,47,2022,833,7051339,11.813359136470392,WONDER_2018_2024_single_race,2021.0
Tennessee,47,2023,878,7126489,12.320232305136514,WONDER_2018_2024_single_race,2021.0
Tennessee,47,2024,816,7227750,11.289820483552973,WONDER_2018_2024_single_race,2021.0
Texas,48,1999,1224,20558220,5.953822850421875,WONDER_1999_2020,2021.0
Texas,48,2000,1269,20851820,6.085799704773971,WONDER_1999_2020,2021.0
Texas,48,2001,1377,21319622,6.458838716746479,WONDER_1999_2020,2021.0
Texas,48,2002,1315,21690325,6.062610864521393,WONDER_1999_2020,2021.0
Texas,48,2003,1350,22030931,6.127748300786744,WONDER_1999_2020,2021.0
Texas,48,2004,1318,22394023,5.885499001229033,WONDER_1999_2020,2021.0
Texas,48,2005,1381,22778123,6.062834940350441,WONDER_1999_2020,2021.0
Texas,48,2006,1311,23359580,5.612258439578109,WONDER_1999_2020,2021.0
Texas,48,2007,1411,23831983,5.920615166601957,WONDER_1999_2020,2021.0
Texas,48,2008,1506,24309039,6.195226392947907,WONDER_1999_2020,2021.0
Texas,48,2009,1583,24801761,6.382611299254114,WONDER_1999_2020,2021.0
Texas,48,2010,1702,25145561,6.768590289156801,WONDER_1999_2020,2021.0
Texas,48,2011,1684,25674681,6.558990937414178,WONDER_1999_2020,2021.0
Texas,48,2012,1744,26059203,6.692453334048627,WONDER_1999_2020,2021.0
Texas,48,2013,1780,26448193,6.7301384257139985,WONDER_1999_2020,2021.0
Texas,48,2014,1789,26956958,6.636505498877136,WONDER_1999_2020,2021.0
Texas,48,2015,1994,27469114,7.259061941349838,WONDER_1999_2020,2021.0
Texas,48,2016,2016,27862596,7.235506698657943,WONDER_1999_2020,2021.0
Texas,48,2017,2158,28304596,7.62420350391152,WONDER_1999_2020,2021.0
Texas,48,2018,2263,28701845,7.884510560209631,WONDER_1999_2020,2021.0
Texas,48,2019,2237,28995881,7.714888883700412,WONDER_1999_2020,2021.0
Texas,48,2020,2287,29360759,7.789308171495157,WONDER_1999_2020,2021.0
Texas,48,2021,2528,29527941,8.561382590137253,WONDER_2018_2024_single_race,2021.0
Texas,48,2022,2644,30029572,8.804654292109126,WONDER_2018_2024_single_race,2021.0
Texas,48,2023,2697,30503301,8.84166602165451,WONDER_2018_2024_single_race,2021.0
Texas,48,2024,2779,31290831,8.881195900485993,WONDER_2018_2024_single_race,2021.0
Utah,49,1999,153,2203482,6.9435556995700445,WONDER_1999_2020,2021.0
Utah,49,2000,174,2233169,7.791618099660169,WONDER_1999_2020,2021.0
Utah,49,2001,182,2283715,7.969470796487302,WONDER_1999_2020,2021.0
Utah,49,2002,174,2324815,7.484466505937032,WONDER_1999_2020,2021.0
Utah,49,2003,181,2360137,7.669046330785035,WONDER_1999_2020,2021.0
Utah,49,2004,183,2401580,7.619983510855354,WONDER_1999_2020,2021.0
Utah,49,2005,190,2457719,7.730745459509407,WONDER_1999_2020,2021.0
Utah,49,2006,189,2525507,7.483645858039593,WONDER_1999_2020,2021.0
Utah,49,2007,197,2597746,7.583497385810622,WONDER_1999_2020,2021.0
Utah,49,2008,196,2663029,7.360040014584895,WONDER_1999_2020,2021.0
Utah,49,2009,217,2723421,7.967919759743353,WONDER_1999_2020,2021.0
Utah,49,2010,275,2763885,9.949762743384765,WONDER_1999_2020,2021.0
Utah,49,2011,268,2817222,9.512917334878118,WONDER_1999_2020,2021.0
Utah,49,2012,283,2855287,9.91143797453636,WONDER_1999_2020,2021.0
Utah,49,2013,295,2900872,10.169355972962613,WONDER_1999_2020,2021.0
Utah,49,2014,278,2942902,9.446457952048691,WONDER_1999_2020,2021.0
Utah,49,2015,313,2995919,10.447545477698162,WONDER_1999_2020,2021.0
Utah,49,2016,309,3051217,10.12710665940836,WONDER_1999_2020,2021.0
Utah,49,2017,344,3101833,11.090216655764511,WONDER_1999_2020,2021.0
Utah,49,2018,339,3161105,10.724098060646513,WONDER_1999_2020,2021.0
Utah,49,2019,329,3205958,10.262143172181295,WONDER_1999_2020,2021.0
Utah,49,2020,339,3249879,10.431157590790303,WONDER_1999_2020,2021.0
Utah,49,2021,364,3337975,10.90481504504977,WONDER_2018_2024_single_race,2021.0
Utah,49,2022,382,3380800,11.299100804543302,WONDER_2018_2024_single_race,2021.0
Utah,49,2023,414,3417734,12.11328909739611,WONDER_2018_2024_single_race,2021.0
Utah,49,2024,378,3503613,10.78886281104677,WONDER_2018_2024_single_race,2021.0
Vermont,50,1999,46,604683,7.607291754522617,WONDER_1999_2020,
Vermont,50,2000,47,608827,7.719762756907956,WONDER_1999_2020,
Vermont,50,2001,42,612223,6.860245368109332,WONDER_1999_2020,
Vermont,50,2002,54,615442,8.774181807546446,WONDER_1999_2020,
Vermont,50,2003,38,617858,6.150280485160021,WONDER_1999_2020,
Vermont,50,2004,56,619920,9.033423667570009,WONDER_1999_2020,
Vermont,50,2005,36,621215,5.795095095900775,WONDER_1999_2020,
Vermont,50,2006,43,622892,6.903283394232067,WONDER_1999_2020,
Vermont,50,2007,43,623481,6.896761890097693,WONDER_1999_2020,
Vermont,50,2008,44,624151,7.0495761442343285,WONDER_1999_2020,
Vermont,50,2009,59,624817,9.442764841545605,WONDER_1999_2020,
Vermont,50,2010,66,625741,10.547494890058347,WONDER_1999_2020,
Vermont,50,2011,70,626431,11.174415059280271,WONDER_1999_2020,
Vermont,50,2012,50,626011,7.987080099231482,WONDER_1999_2020,
Vermont,50,2013,59,626630,9.415444520690041,WONDER_1999_2020,
Vermont,50,2014,59,626562,9.416466367254957,WONDER_1999_2020,
Vermont,50,2015,59,626042,9.424287827334268,WONDER_1999_2020,
Vermont,50,2016,69,624594,11.047176245689199,WONDER_1999_2020,
Vermont,50,2017,62,623657,9.941361998662726,WONDER_1999_2020,
Vermont,50,2018,70,626299,11.176770200814627,WONDER_1999_2020,
Vermont,50,2019,59,623989,9.455294885005985,WONDER_1999_2020,
Vermont,50,2020,69,623347,11.069276021220926,WONDER_1999_2020,
Vermont,50,2021,74,645570,11.462738355251949,WONDER_2018_2024_single_race,
Vermont,50,2022,69,647064,10.663551055227922,WONDER_2018_2024_single_race,
Vermont,50,2023,68,647464,10.502514425512462,WONDER_2018_2024_single_race,
Vermont,50,2024,61,648493,9.406423816448289,WONDER_2018_2024_single_race,
Virginia,51,1999,503,7000174,7.185535673827537,WONDER_1999_2020,
Virginia,51,2000,484,7078515,6.837592348112563,WONDER_1999_2020,
Virginia,51,2001,467,7198362,6.487587037162066,WONDER_1999_2020,
Virginia,51,2002,491,7286873,6.7381440571284825,WONDER_1999_2020,
Virginia,51,2003,452,7366977,6.135488138486111,WONDER_1999_2020,
Virginia,51,2004,494,7475575,6.608187330071599,WONDER_1999_2020,
Virginia,51,2005,511,7577105,6.744000512068924,WONDER_1999_2020,
Virginia,51,2006,499,7673725,6.502708919071246,WONDER_1999_2020,
Virginia,51,2007,487,7751000,6.283060250290285,WONDER_1999_2020,
Virginia,51,2008,524,7833496,6.689222794011767,WONDER_1999_2020,
Virginia,51,2009,527,7925937,6.649056130524379,WONDER_1999_2020,
Virginia,51,2010,576,8001024,7.199078517949703,WONDER_1999_2020,
Virginia,51,2011,604,8096604,7.459917763052262,WONDER_1999_2020,
Virginia,51,2012,587,8185867,7.170895886776562,WONDER_1999_2020,
Virginia,51,2013,601,8260405,7.275672318730135,WONDER_1999_2020,
Virginia,51,2014,626,8326289,7.518355416200422,WONDER_1999_2020,
Virginia,51,2015,630,8382993,7.51521562764039,WONDER_1999_2020,
Virginia,51,2016,671,8411808,7.976882021082745,WONDER_1999_2020,
Virginia,51,2017,672,8470020,7.93386556348155,WONDER_1999_2020,
Virginia,51,2018,679,8517685,7.971649573798515,WONDER_1999_2020,
Virginia,51,2019,661,8535519,7.744110229266668,WONDER_1999_2020,
Virginia,51,2020,697,8590563,8.113554373560849,WONDER_1999_2020,
Virginia,51,2021,709,8642274,8.203859308325564,WONDER_2018_2024_single_race,
Virginia,51,2022,723,8683619,8.326021673682366,WONDER_2018_2024_single_race,
Virginia,51,2023,730,8715698,8.375691769035596,WONDER_2018_2024_single_race,
Virginia,51,2024,729,8811195,8.27356561737653,WONDER_2018_2024_single_race,
Washington,53,1999,450,5842564,7.702097914545737,WONDER_1999_2020,
Washington,53,2000,390,5894121,6.61676270303918,WONDER_1999_2020,
Washington,53,2001,391,5985722,6.532211151804243,WONDER_1999_2020,
Washington,53,2002,437,6052349,7.2203370955640525,WONDER_1999_2020,
Washington,53,2003,436,6104115,7.142722573214955,WONDER_1999_2020,
Washington,53,2004,423,6178645,6.846161253802411,WONDER_1999_2020,
Washington,53,2005,398,6257305,6.360565770727174,WONDER_1999_2020,
Washington,53,2006,397,6370753,6.2316024495063616,WONDER_1999_2020,
Washington,53,2007,413,6461587,6.391618653436067,WONDER_1999_2020,
Washington,53,2008,439,6562231,6.689798027530576,WONDER_1999_2020,
Washington,53,2009,470,6667426,7.0491970964507145,WONDER_1999_2020,
Washington,53,2010,464,6724540,6.900100229904202,WONDER_1999_2020,
Washington,53,2011,495,6830038,7.247397452254293,WONDER_1999_2020,
Washington,53,2012,529,6897012,7.669988104993872,WONDER_1999_2020,
Washington,53,2013,483,6971406,6.928301120319201,WONDER_1999_2020,
Washington,53,2014,551,7061530,7.802841593818903,WONDER_1999_2020,
Washington,53,2015,537,7170351,7.4891731241608674,WONDER_1999_2020,
Washington,53,2016,515,7288000,7.066410537870472,WONDER_1999_2020,
Washington,53,2017,639,7405743,8.628438767048761,WONDER_1999_2020,
Washington,53,2018,599,7535591,7.948945212127357,WONDER_1999_2020,
Washington,53,2019,637,7614893,8.365186483907259,WONDER_1999_2020,
Washington,53,2020,618,7693612,8.03263798590311,WONDER_1999_2020,
Washington,53,2021,617,7738692,7.972923589671226,WONDER_2018_2024_single_race,
Washington,53,2022,665,7785786,8.541205730545382,WONDER_2018_2024_single_race,
Washington,53,2023,696,7812880,8.908366697043856,WONDER_2018_2024_single_race,
Washington,53,2024,647,7958180,8.129999572766637,WONDER_2018_2024_single_race,
West Virginia,54,1999,169,1811799,9.327745517024791,WONDER_1999_2020,2016.0
West Virginia,54,2000,173,1808344,9.566763845816945,WONDER_1999_2020,2016.0
West Virginia,54,2001,195,1801481,10.824427235147082,WONDER_1999_2020,2016.0
West Virginia,54,2002,188,1805414,10.413124081235662,WONDER_1999_2020,2016.0
West Virginia,54,2003,191,1812295,10.539123045641023,WONDER_1999_2020,2016.0
West Virginia,54,2004,192,1816438,10.570137819182378,WONDER_1999_2020,2016.0
West Virginia,54,2005,188,1820492,10.326878667964484,WONDER_1999_2020,2016.0
West Virginia,54,2006,179,1827912,9.792593954194732,WONDER_1999_2020,2016.0
West Virginia,54,2007,205,1834052,11.17743662666053,WONDER_1999_2020,2016.0
West Virginia,54,2008,172,1840310,9.34625144676712,WONDER_1999_2020,2016.0
West Virginia,54,2009,178,1847775,9.633207506325176,WONDER_1999_2020,2016.0
West Virginia,54,2010,210,1852994,11.333010252596608,WONDER_1999_2020,2016.0
West Virginia,54,2011,200,1855364,10.779555925414098,WONDER_1999_2020,2016.0
West Virginia,54,2012,198,1855413,10.671478533350797,WONDER_1999_2020,2016.0
West Virginia,54,2013,225,1854304,12.13393273163408,WONDER_1999_2020,2016.0
West Virginia,54,2014,217,1850326,11.72766312530873,WONDER_1999_2020,2016.0
West Virginia,54,2015,215,1844128,11.65862673306842,WONDER_1999_2020,2016.0
West Virginia,54,2016,238,1831102,12.997637488244782,WONDER_1999_2020,2016.0
West Virginia,54,2017,267,1815857,14.703801015168043,WONDER_1999_2020,2016.0
West Virginia,54,2018,257,1805832,14.231667176127125,WONDER_1999_2020,2016.0
West Virginia,54,2019,196,1792147,10.936602856796902,WONDER_1999_2020,2016.0
West Virginia,54,2020,220,1784787,12.326400853435171,WONDER_1999_2020,2016.0
West Virginia,54,2021,227,1782959,12.731644418071308,WONDER_2018_2024_single_race,2016.0
West Virginia,54,2022,223,1775156,12.562276216850801,WONDER_2018_2024_single_race,2016.0
West Virginia,54,2023,244,1770071,13.784757786552065,WONDER_2018_2024_single_race,2016.0
West Virginia,54,2024,203,1769979,11.469062627296708,WONDER_2018_2024_single_race,2016.0
Wisconsin,55,1999,299,5332666,5.606951569815173,WONDER_1999_2020,
Wisconsin,55,2000,304,5363675,5.667755783115122,WONDER_1999_2020,
Wisconsin,55,2001,317,5406835,5.862949396458371,WONDER_1999_2020,
Wisconsin,55,2002,308,5445162,5.656397367057216,WONDER_1999_2020,
Wisconsin,55,2003,310,5479203,5.657757159207279,WONDER_1999_2020,
Wisconsin,55,2004,308,5514026,5.585755308371778,WONDER_1999_2020,
Wisconsin,55,2005,302,5546166,5.4452030465730745,WONDER_1999_2020,
Wisconsin,55,2006,299,5577655,5.360675767863018,WONDER_1999_2020,
Wisconsin,55,2007,338,5610775,6.02412322718341,WONDER_1999_2020,
Wisconsin,55,2008,344,5640996,6.098213861523745,WONDER_1999_2020,
Wisconsin,55,2009,345,5669264,6.085446012039658,WONDER_1999_2020,
Wisconsin,55,2010,378,5686986,6.646754537465012,WONDER_1999_2020,
Wisconsin,55,2011,351,5711767,6.145208654344619,WONDER_1999_2020,
Wisconsin,55,2012,348,5726398,6.077118635484296,WONDER_1999_2020,
Wisconsin,55,2013,437,5742713,7.609643734590254,WONDER_1999_2020,
Wisconsin,55,2014,352,5757564,6.113696695338515,WONDER_1999_2020,
Wisconsin,55,2015,424,5771337,7.3466512179067,WONDER_1999_2020,
Wisconsin,55,2016,455,5778708,7.873732329095015,WONDER_1999_2020,
Wisconsin,55,2017,435,5795483,7.5058455007115015,WONDER_1999_2020,
Wisconsin,55,2018,420,5813568,7.224479011856403,WONDER_1999_2020,
Wisconsin,55,2019,427,5822434,7.333702709210615,WONDER_1999_2020,
Wisconsin,55,2020,442,5832655,7.57802407308507,WONDER_1999_2020,
Wisconsin,55,2021,484,5895908,8.209083316768172,WONDER_2018_2024_single_race,
Wisconsin,55,2022,529,5892539,8.977454370688084,WONDER_2018_2024_single_race,
Wisconsin,55,2023,502,5910955,8.492705493443953,WONDER_2018_2024_single_race,
Wisconsin,55,2024,507,5960975,8.50532001895663,WONDER_2018_2024_single_race,
Wyoming,56,1999,63,491780,12.810606368701452,WONDER_1999_2020,2011.0
Wyoming,56,2000,50,493782,10.125926015934157,WONDER_1999_2020,2011.0
Wyoming,56,2001,61,494657,12.331777373007965,WONDER_1999_2020,2011.0
Wyoming,56,2002,82,500017,16.399442418957754,WONDER_1999_2020,2011.0
Wyoming,56,2003,75,503453,14.897120485924209,WONDER_1999_2020,2011.0
Wyoming,56,2004,48,509106,9.428291947060142,WONDER_1999_2020,2011.0
Wyoming,56,2005,56,514157,10.89161481804196,WONDER_1999_2020,2011.0
Wyoming,56,2006,72,522667,13.77550141868532,WONDER_1999_2020,2011.0
Wyoming,56,2007,67,534876,12.526267770473904,WONDER_1999_2020,2011.0
Wyoming,56,2008,87,546043,15.932811152235264,WONDER_1999_2020,2011.0
Wyoming,56,2009,82,559851,14.646754225677904,WONDER_1999_2020,2011.0
Wyoming,56,2010,83,563626,14.726077221419878,WONDER_1999_2020,2011.0
Wyoming,56,2011,84,568158,14.784619771260813,WONDER_1999_2020,2011.0
Wyoming,56,2012,102,576412,17.69567600952097,WONDER_1999_2020,2011.0
Wyoming,56,2013,89,582658,15.274826742274199,WONDER_1999_2020,2011.0
Wyoming,56,2014,78,584153,13.35266616793888,WONDER_1999_2020,2011.0
Wyoming,56,2015,95,586107,16.208644496653342,WONDER_1999_2020,2011.0
Wyoming,56,2016,87,585501,14.859069412349424,WONDER_1999_2020,2011.0
Wyoming,56,2017,99,579315,17.08914839077186,WONDER_1999_2020,2011.0
Wyoming,56,2018,108,577737,18.693627030984686,WONDER_1999_2020,2011.0
Wyoming,56,2019,114,578759,19.69731788188175,WONDER_1999_2020,2011.0
Wyoming,56,2020,128,582328,21.9807393771208,WONDER_1999_2020,2011.0
Wyoming,56,2021,137,578803,23.669538685874123,WONDER_2018_2024_single_race,2011.0
Wyoming,56,2022,104,581381,17.888441486735893,WONDER_2018_2024_single_race,2011.0
Wyoming,56,2023,116,584057,19.861075203276393,WONDER_2018_2024_single_race,2011.0
Wyoming,56,2024,123,587618,20.93196600512578,WONDER_2018_2024_single_race,2011.0
