GeoFIPS,GeoName,Region,TableName,LineCode,IndustryClassification,Description,Unit,1990,1991,1992,1993,1994,1995,1996,1997,1998,1999,2000,2001,2002,2003,2004,2005,2006,2007,2008,2009,2010,2011,2012,2013,2014,2015,2016,2017,2018,2019,2020,2021,2022,2023,2024
 "01000","Alabama",5,SAINC91,10,"...","Inflows of earnings ","Thousands of dollars",1231154,1290634,1407718,1497366,1596037,1705558,1742059,1890456,2052583,2178961,2339937,2435833,2511097,2634779,2762915,2931999,3085861,3287267,3426884,3419917,3605572,3865333,4161120,4320103,4411421,4506841,4572164,4681994,4827192,4982418,5014073,5330968,5659225,6007283,6330950
 "01000","Alabama",5,SAINC91,20,"...","Outflows of earnings ","Thousands of dollars",698881,727825,794139,832420,838188,866232,896820,941939,988014,1047748,1083045,1120710,1137483,1180624,1274767,1377762,1474798,1560781,1592162,1616178,1718165,1832718,1868655,1945022,2044997,2154305,2134213,2289574,2290979,2343022,2470102,2510433,2599316,2910206,3058309
 "01000","Alabama",5,SAINC91,30,"...","Adjustment for residence ","Thousands of dollars",532273,562809,613579,664946,757849,839326,845239,948517,1064569,1131213,1256892,1315123,1373614,1454155,1488148,1554237,1611063,1726486,1834722,1803739,1887407,2032615,2292465,2375081,2366424,2352536,2437951,2392420,2536213,2639396,2543971,2820535,3059909,3097077,3272641
 "02000","Alaska",8,SAINC91,10,"...","Inflows of earnings ","Thousands of dollars",0,749,1579,2362,3248,4220,5346,6846,8628,10598,12448,11712,10618,9700,9042,8373,7954,7030,5588,12005,19094,29025,40753,49645,53193,53056,52656,56074,54037,57138,53056,55998,62504,66312,72328
 "02000","Alaska",8,SAINC91,20,"...","Outflows of earnings ","Thousands of dollars",624656,669544,706890,728534,744686,749983,774423,783747,830727,837391,890157,874674,801633,709297,616397,520523,427520,314766,178821,190644,198933,223394,246197,256023,273143,276599,247295,237642,245520,253765,242690,244290,263123,287285,304081
 "02000","Alaska",8,SAINC91,30,"...","Adjustment for residence ","Thousands of dollars",-624656,-668795,-705311,-726172,-741438,-745763,-769077,-776901,-822099,-826793,-877709,-862962,-791015,-699597,-607355,-512150,-419566,-307736,-173233,-178639,-179839,-194369,-205444,-206378,-219950,-223543,-194639,-181568,-191483,-196627,-189634,-188292,-200619,-220973,-231753
 "04000","Arizona",6,SAINC91,10,"...","Inflows of earnings ","Thousands of dollars",616565,638373,693577,744603,807018,873548,956683,1052515,1174046,1301515,1448099,1558455,1633861,1759917,1963693,2145369,2261803,2390160,2408099,2326007,2335405,2371087,2484916,2530525,2667863,2820106,2977338,3120166,3344966,3508268,3502399,3906956,4261666,4494120,4766336
 "04000","Arizona",6,SAINC91,20,"...","Outflows of earnings ","Thousands of dollars",393146,418578,446760,480940,532335,581290,634259,694759,768161,835229,923100,920688,935901,961403,1015092,1085200,1168088,1213136,1192422,1100408,1085040,1121597,1135207,1184959,1213102,1306828,1383445,1453056,1624970,1583546,1860775,1884604,2086241,2173769,2308298
 "04000","Arizona",6,SAINC91,30,"...","Adjustment for residence ","Thousands of dollars",223419,219795,246817,263663,274683,292258,322424,357756,405885,466286,524999,637767,697960,798514,948601,1060169,1093715,1177024,1215677,1225599,1250365,1249490,1349709,1345566,1454761,1513278,1593893,1667110,1719996,1924722,1641624,2022352,2175425,2320351,2458038
 "05000","Arkansas",5,SAINC91,10,"...","Inflows of earnings ","Thousands of dollars",593070,615689,672234,692917,732067,788824,841430,909897,965995,1010793,1065947,1105662,1134617,1171832,1247241,1310485,1391560,1467263,1500659,1438092,1491416,1586340,1680270,1676628,1740826,1803620,1821414,1867294,1933023,1999855,2024173,2143331,2265371,2381263,2427945
 "05000","Arkansas",5,SAINC91,20,"...","Outflows of earnings ","Thousands of dollars",813090,863252,943585,1000522,1066416,1092965,1141916,1215036,1272362,1332522,1425439,1479961,1506568,1522149,1565402,1597590,1639559,1648255,1639235,1557722,1620213,1698118,1835504,1891133,1964645,2060845,2028749,2185333,2294651,2362381,2384425,2652989,2888408,3084045,3470099
 "05000","Arkansas",5,SAINC91,30,"...","Adjustment for residence ","Thousands of dollars",-220020,-247563,-271351,-307605,-334349,-304141,-300486,-305139,-306367,-321729,-359492,-374299,-371951,-350317,-318161,-287105,-247999,-180992,-138576,-119630,-128797,-111778,-155234,-214505,-223819,-257225,-207335,-318039,-361628,-362526,-360252,-509658,-623037,-702782,-1042154
 "06000","California",8,SAINC91,10,"...","Inflows of earnings ","Thousands of dollars",1538121,1613158,1724127,1807355,1909205,2019797,2149926,2306933,2524836,2768053,3031352,3073264,3009887,3011170,3085628,3156281,3241194,3303255,3205762,3100930,3214055,3486731,3761221,3946889,4165508,4381115,4505455,4725002,5007871,5254568,5276450,5809081,6321840,6672625,7099988
 "06000","California",8,SAINC91,20,"...","Outflows of earnings ","Thousands of dollars",1584889,1651040,1767001,1782482,1873222,1995179,2136260,2375182,2598796,2847386,3285414,3387306,3442105,3608543,3876766,4137126,4477276,4810945,4962780,4618325,4669347,4889027,5069610,5107848,5415706,5838547,6135597,6575066,6912373,7339452,7488883,8417940,8732924,9053790,9575092
 "06000","California",8,SAINC91,30,"...","Adjustment for residence ","Thousands of dollars",-46768,-37882,-42874,24873,35983,24618,13666,-68249,-73960,-79333,-254062,-314042,-432218,-597373,-791138,-980845,-1236082,-1507690,-1757018,-1517395,-1455292,-1402296,-1308389,-1160959,-1250198,-1457432,-1630142,-1850064,-1904502,-2084884,-2212433,-2608859,-2411084,-2381165,-2475104
 "08000","Colorado",7,SAINC91,10,"...","Inflows of earnings ","Thousands of dollars",290345,313457,346459,375323,408592,443990,482626,533108,596201,659977,742690,762218,761401,775308,814733,854237,921737,972964,994825,1000411,1097535,1278664,1504465,1675893,1766367,1782051,1764864,1911221,1980084,2051044,2048885,2272071,2391863,2560034,2738904
 "08000","Colorado",7,SAINC91,20,"...","Outflows of earnings ","Thousands of dollars",204709,216653,234420,251281,266654,280908,300921,327964,365178,399292,454550,453442,422011,411723,416314,424808,445731,467743,471879,437181,434414,451689,477353,492783,534411,550202,561091,591892,634509,664212,669815,719719,795100,849084,889740
 "08000","Colorado",7,SAINC91,30,"...","Adjustment for residence ","Thousands of dollars",85636,96804,112039,124042,141938,163082,181705,205144,231023,260685,288140,308776,339390,363585,398419,429429,476006,505221,522946,563230,663121,826975,1027112,1183110,1231956,1231849,1203773,1319329,1345575,1386832,1379070,1552352,1596763,1710950,1849164
 "09000","Connecticut",1,SAINC91,10,"...","Inflows of earnings ","Thousands of dollars",5370559,5483238,6947512,6587012,6562261,7643944,8731622,8847223,10814836,11245543,12144273,12438570,12353364,12620796,14067166,15270261,16844555,18972615,20053251,16865565,19340911,20480293,22556735,21881236,22590752,23257646,22670806,25139795,26991404,30403836,30017080,34056444,33647112,34971063,40094894
 "09000","Connecticut",1,SAINC91,20,"...","Outflows of earnings ","Thousands of dollars",2625575,2773977,3008975,3241534,3460184,3817266,4195120,4775242,5333073,5883781,6618184,6875604,6619639,6784302,7216681,7610158,8024455,8628742,8581008,8001154,8482035,9109421,9356801,9357408,9638100,9983577,10013472,10043831,10149799,10245178,10167447,10856855,11729780,12319348,12832823
 "09000","Connecticut",1,SAINC91,30,"...","Adjustment for residence ","Thousands of dollars",2744984,2709261,3938537,3345478,3102077,3826678,4536502,4071981,5481763,5361762,5526089,5562966,5733725,5836494,6850485,7660103,8820100,10343873,11472243,8864411,10858876,11370872,13199934,12523828,12952652,13274069,12657334,15095964,16841605,20158658,19849633,23199589,21917332,22651715,27262071
 "10000","Delaware",2,SAINC91,10,"...","Inflows of earnings ","Thousands of dollars",983326,1098117,1176111,1340759,1454163,1530248,1584704,1585966,1815456,1899521,2161913,2331765,2443188,2619011,2834293,3042406,3280348,3569880,3721662,3726956,3843007,4132686,4341970,4436431,4579911,4767492,4992844,5185318,5394869,5656661,5745790,6232616,6575925,7013887,7325171
 "10000","Delaware",2,SAINC91,20,"...","Outflows of earnings ","Thousands of dollars",1671352,1779551,1900689,2021307,2176102,2378121,2633298,2931441,3271316,3595509,3951900,4141061,4203451,4419061,4773876,5130515,5599422,5733845,5936112,5266349,5575227,6284987,6505542,6530351,7048984,7210131,7131270,7700369,7959961,8270601,8199305,8605583,9138193,9226826,10124941
 "10000","Delaware",2,SAINC91,30,"...","Adjustment for residence ","Thousands of dollars",-688026,-681434,-724578,-680548,-721939,-847873,-1048594,-1345475,-1455860,-1695988,-1789987,-1809296,-1760263,-1800050,-1939583,-2088109,-2319074,-2163965,-2214450,-1539393,-1732220,-2152301,-2163572,-2093920,-2469073,-2442639,-2138426,-2515051,-2565092,-2613940,-2453515,-2372967,-2562268,-2212939,-2799770
 "11000","District of Columbia",2,SAINC91,10,"...","Inflows of earnings ","Thousands of dollars",2083068,2204540,2351407,2470385,2618703,2765895,3009928,3194315,3467840,3853186,4638938,4896591,4968437,5152088,5486925,5744306,5939544,6183548,6282356,6486086,6772964,7170625,7460286,7389195,7590084,7917896,8127647,8979270,10035231,10519112,10854050,11410405,12825228,14186066,15903268
 "11000","District of Columbia",2,SAINC91,20,"...","Outflows of earnings ","Thousands of dollars",20066364,21122540,22443474,23119766,23639835,23828996,24066634,24876503,26258892,28727297,30124605,32121387,34464733,36774831,39602239,41933205,43258379,45370591,47159532,47587775,50092737,52744295,52810936,52325907,53862357,55244897,57470189,59552864,62628962,64128665,65688861,68929323,71829879,75290439,78847644
 "11000","District of Columbia",2,SAINC91,30,"...","Adjustment for residence ","Thousands of dollars",-17983296,-18918000,-20092067,-20649381,-21021132,-21063101,-21056706,-21682188,-22791052,-24874111,-25485667,-27224796,-29496296,-31622743,-34115314,-36188899,-37318835,-39187043,-40877176,-41101689,-43319773,-45573670,-45350650,-44936712,-46272273,-47327001,-49342542,-50573594,-52593731,-53609553,-54834811,-57518918,-59004651,-61104373,-62944376
 "12000","Florida",5,SAINC91,10,"...","Inflows of earnings ","Thousands of dollars",1320039,1376890,1478602,1550623,1640397,1736708,1852901,1999439,2190262,2370898,2603875,2766945,2874483,3044557,3282215,3559900,3873626,4237111,4443085,4201130,4314451,4564559,4719079,4772051,4984375,5210130,5343788,5534596,5708446,5910920,5917570,6337756,6830880,7236233,7606095
 "12000","Florida",5,SAINC91,20,"...","Outflows of earnings ","Thousands of dollars",687250,699847,735213,757214,786348,815221,858565,904748,969086,1017804,1087620,1148541,1198019,1271417,1363951,1479440,1575600,1640163,1656681,1557424,1588080,1633040,1702213,1720461,1774723,1868522,1962225,2076285,2187744,2312214,2356900,2667289,2961308,3195846,3411406
 "12000","Florida",5,SAINC91,30,"...","Adjustment for residence ","Thousands of dollars",632789,677043,743389,793409,854049,921487,994336,1094691,1221176,1353094,1516255,1618404,1676464,1773140,1918264,2080460,2298026,2596948,2786404,2643706,2726371,2931519,3016866,3051590,3209652,3341608,3381563,3458311,3520702,3598706,3560670,3670467,3869572,4040387,4194689
 "13000","Georgia",5,SAINC91,10,"...","Inflows of earnings ","Thousands of dollars",1699498,1765333,1935048,2057878,2148346,2226428,2347420,2483790,2633620,2880792,3088694,3201395,3288786,3473274,3702182,3971450,4224452,4518992,4634927,4404771,4584884,4819697,5025950,5117296,5323951,5639363,5725803,6099520,6295507,6525028,6683644,7143203,7760530,8486242,9047794
 "13000","Georgia",5,SAINC91,20,"...","Outflows of earnings ","Thousands of dollars",1812122,1896962,2113210,2239492,2385237,2566757,2722120,2931867,3218863,3480661,3821098,3978111,4110308,4313588,4501014,4753535,5012336,5296564,5329144,5328722,5532469,6001578,6363501,6630308,6926097,7263476,7563023,7801965,7902647,7986792,8173229,8985519,9468223,9777492,10359278
 "13000","Georgia",5,SAINC91,30,"...","Adjustment for residence ","Thousands of dollars",-112624,-131629,-178162,-181614,-236891,-340329,-374700,-448077,-585243,-599869,-732404,-776716,-821522,-840314,-798832,-782085,-787884,-777572,-694217,-923951,-947585,-1181881,-1337551,-1513012,-1602146,-1624113,-1837220,-1702445,-1607140,-1461764,-1489585,-1842316,-1707693,-1291250,-1311484
 "15000","Hawaii",8,SAINC91,10,"...","Inflows of earnings ","Thousands of dollars",0,0,0,0,0,0,0,0,0,0,0,0,0,0,0,0,0,0,0,0,0,0,0,0,0,0,0,0,0,0,0,0,0,0,0
 "15000","Hawaii",8,SAINC91,20,"...","Outflows of earnings ","Thousands of dollars",0,0,0,0,0,0,0,0,0,0,0,0,0,0,0,0,0,0,0,0,0,0,0,0,0,0,0,0,0,0,0,0,0,0,0
 "15000","Hawaii",8,SAINC91,30,"...","Adjustment for residence ","Thousands of dollars",0,0,0,0,0,0,0,0,0,0,0,0,0,0,0,0,0,0,0,0,0,0,0,0,0,0,0,0,0,0,0,0,0,0,0
 "16000","Idaho",7,SAINC91,10,"...","Inflows of earnings ","Thousands of dollars",350747,391294,436675,479958,532314,574417,635182,703230,786579,876435,984056,990781,993807,1026825,1077285,1106864,1162246,1235778,1279953,1330231,1420967,1585500,1751849,1844032,1944276,1981257,2065079,2198135,2284259,2476486,2517892,2779835,2917283,3170328,3369634
 "16000","Idaho",7,SAINC91,20,"...","Outflows of earnings ","Thousands of dollars",193638,213093,240865,262874,286436,289133,304682,325775,340839,366159,459808,474616,493296,515359,557525,593863,673772,725778,718646,675714,697230,715788,653753,715351,711104,759277,780583,858518,899018,854548,898091,993978,1050802,1130812,1200399
 "16000","Idaho",7,SAINC91,30,"...","Adjustment for residence ","Thousands of dollars",157109,178201,195810,217084,245878,285284,330500,377455,445740,510276,524248,516165,500511,511466,519760,513001,488474,510000,561307,654517,723737,869712,1098096,1128681,1233172,1221980,1284496,1339617,1385241,1621938,1619801,1785857,1866481,2039516,2169235
 "17000","Illinois",3,SAINC91,10,"...","Inflows of earnings ","Thousands of dollars",4129226,4364953,4729959,4894199,5257487,5562180,5931463,6423047,7016961,7508532,8122496,8352531,8504686,8804369,9260900,9731921,10373801,10660032,11334675,10512040,10859898,11608867,12373014,12700452,13095640,13648469,13845537,14347793,15100463,15683895,15475484,16590136,17896609,19207101,19760826
 "17000","Illinois",3,SAINC91,20,"...","Outflows of earnings ","Thousands of dollars",4401029,4687125,5139415,5485510,5942438,6490588,6866366,7375304,8051021,8654759,9502039,9914077,10173887,10398420,10893705,11503484,12206909,12965641,13107070,12605971,13000757,14180574,14786252,15378026,15440961,16226600,16545849,17516465,18127299,18950945,19334395,20160308,21181463,21752083,22458501
 "17000","Illinois",3,SAINC91,30,"...","Adjustment for residence ","Thousands of dollars",-271803,-322172,-409456,-591311,-684951,-928408,-934903,-952257,-1034060,-1146227,-1379543,-1561546,-1669201,-1594051,-1632805,-1771563,-1833108,-2305609,-1772395,-2093931,-2140859,-2571707,-2413238,-2677574,-2345321,-2578131,-2700312,-3168672,-3026836,-3267050,-3858911,-3570172,-3284854,-2544982,-2697675
 "18000","Indiana",3,SAINC91,10,"...","Inflows of earnings ","Thousands of dollars",3448706,3608452,3970717,4238776,4583275,4954533,5231748,5610680,6031924,6527175,7092403,7400587,7588559,7858680,8326002,8778774,9184483,9702915,9715607,9239704,9294336,9836760,10152099,10589844,10789241,11505160,11955809,12622805,13209746,14135407,14476637,14965914,16225294,16808779,17121191
 "18000","Indiana",3,SAINC91,20,"...","Outflows of earnings ","Thousands of dollars",1961306,2113534,2324311,2372828,2586645,2676395,2814151,3063926,3457756,3701024,3977929,4040658,4156493,4342602,4524356,4672943,4862921,5007553,5030209,4640203,4830790,5114525,5422780,5357803,5610249,5744198,6067038,6337760,6662967,6888645,6879413,7839310,8273167,8349556,8777410
 "18000","Indiana",3,SAINC91,30,"...","Adjustment for residence ","Thousands of dollars",1487400,1494918,1646406,1865948,1996630,2278138,2417597,2546754,2574168,2826151,3114474,3359929,3432066,3516078,3801646,4105831,4321562,4695362,4685398,4599501,4463546,4722235,4729319,5232041,5178992,5760962,5888771,6285045,6546779,7246762,7597224,7126604,7952127,8459223,8343781
 "19000","Iowa",4,SAINC91,10,"...","Inflows of earnings ","Thousands of dollars",1310597,1408045,1535636,1583458,1717923,1875755,2041554,2223795,2428531,2569524,2777676,2853131,2921165,3021523,3172217,3249580,3357022,3683173,3842098,3758220,3889106,4156772,4356910,4448424,4570158,4687920,4751206,5054138,5223464,5412700,5658313,5987902,6306344,6540080,6795921
 "19000","Iowa",4,SAINC91,20,"...","Outflows of earnings ","Thousands of dollars",991290,1034633,1124426,1182360,1295107,1391840,1512417,1619958,1733882,1773890,1896965,1948263,1979648,2050734,2184650,2344293,2516027,2604115,2692756,2608564,2701701,2850667,3127702,3238902,3522461,3686538,3701900,3689097,3865532,4011269,4003224,4292609,4592656,4917139,5248930
 "19000","Iowa",4,SAINC91,30,"...","Adjustment for residence ","Thousands of dollars",319307,373412,411210,401098,422816,483915,529137,603837,694649,795634,880711,904868,941517,970789,987567,905287,840995,1079058,1149342,1149656,1187405,1306105,1229208,1209522,1047697,1001382,1049306,1365041,1357932,1401431,1655089,1695293,1713688,1622941,1546991
 "20000","Kansas",4,SAINC91,10,"...","Inflows of earnings ","Thousands of dollars",3013041,3099462,3355887,3570904,3705673,3953141,4121228,4348717,4616277,4914699,5324747,5465936,5629406,5758677,6000685,6373927,6837437,7146080,7489979,7389931,7520762,7429655,8093963,7976567,8185002,8571287,8726546,9246686,9601130,10058196,10009072,11069112,11519346,12221245,12628599
 "20000","Kansas",4,SAINC91,20,"...","Outflows of earnings ","Thousands of dollars",2045247,2152725,2329168,2455501,2639966,2795703,2974241,3304454,3551802,3896413,4203477,4332723,4430103,4587872,4880745,5112549,5467802,5889347,6075770,5695045,5845678,6190188,6452925,6606233,6996977,7415635,7451792,7706580,8050197,8398559,8556651,8910879,9524366,10058240,10656663
 "20000","Kansas",4,SAINC91,30,"...","Adjustment for residence ","Thousands of dollars",967794,946737,1026719,1115403,1065707,1157438,1146987,1044263,1064475,1018286,1121270,1133213,1199303,1170805,1119940,1261378,1369635,1256733,1414209,1694886,1675084,1239467,1641038,1370334,1188025,1155652,1274754,1540106,1550933,1659637,1452421,2158233,1994980,2163005,1971936
 "21000","Kentucky",5,SAINC91,10,"...","Inflows of earnings ","Thousands of dollars",2570633,2715834,2910757,3035456,3223753,3378465,3589719,3837360,4154713,4453221,4762850,4936321,5099328,5275674,5513838,5736484,6043108,6280010,6465378,6190465,6333847,6695264,7006212,7029925,7316095,7469354,7672627,7967703,8270169,8538938,8536274,9136632,9769555,10210959,10893465
 "21000","Kentucky",5,SAINC91,20,"...","Outflows of earnings ","Thousands of dollars",2602320,2753786,3165628,3280689,3551830,3708645,3903726,4152368,4342233,4725016,5057450,5379786,5605806,6008538,6438315,7046742,7398277,7777850,8254393,8040820,8470508,9036076,9400621,9067930,9293521,9525946,9686087,10108783,10676295,11180847,11479107,12715662,13541161,14416369,14435516
 "21000","Kentucky",5,SAINC91,30,"...","Adjustment for residence ","Thousands of dollars",-31687,-37952,-254871,-245233,-328077,-330180,-314007,-315008,-187520,-271795,-294600,-443465,-506478,-732864,-924477,-1310258,-1355169,-1497840,-1789015,-1850355,-2136661,-2340812,-2394409,-2038005,-1977426,-2056592,-2013460,-2141080,-2406126,-2641909,-2942833,-3579030,-3771606,-4205410,-3542051
 "22000","Louisiana",5,SAINC91,10,"...","Inflows of earnings ","Thousands of dollars",562904,589768,621374,641695,674885,693841,715340,773133,829322,880079,925687,971717,1000485,1022106,1072272,1163220,1297276,1433603,1572896,1549021,1612516,1793794,1986024,2066762,2206578,2215639,2086967,2094995,2228233,2339047,2225584,2237227,2480536,2688111,2913414
 "22000","Louisiana",5,SAINC91,20,"...","Outflows of earnings ","Thousands of dollars",673711,716260,745838,770346,823042,870262,919225,991590,1065603,1096792,1155673,1243759,1299662,1371242,1455137,1524860,1722602,1886940,2071239,2034728,2128227,2209811,2335947,2476789,2768146,2795320,2822924,3049179,3119417,3052006,2786283,3050749,3235067,3444567,3697863
 "22000","Louisiana",5,SAINC91,30,"...","Adjustment for residence ","Thousands of dollars",-110807,-126492,-124464,-128651,-148157,-176421,-203885,-218457,-236281,-216713,-229986,-272042,-299177,-349136,-382865,-361640,-425326,-453337,-498343,-485707,-515711,-416017,-349923,-410027,-561568,-579681,-735957,-954184,-891184,-712959,-560699,-813522,-754531,-756456,-784449
 "23000","Maine",1,SAINC91,10,"...","Inflows of earnings ","Thousands of dollars",406130,410007,448353,482099,528964,587403,637634,716535,794684,874995,1007624,1010892,998181,1007727,1070609,1103783,1169711,1202128,1204638,1187237,1247897,1346926,1406148,1452025,1536483,1626298,1681266,1728959,1805494,1900788,1937217,2210902,2298335,2429491,2540790
 "23000","Maine",1,SAINC91,20,"...","Outflows of earnings ","Thousands of dollars",335304,321826,316334,290833,278110,269585,266413,271746,276003,290607,306465,298471,321205,350827,387968,414205,447310,479288,499052,499636,518648,550837,574466,581859,608401,640827,678570,709226,736317,774153,799142,877554,945092,1013839,1075139
 "23000","Maine",1,SAINC91,30,"...","Adjustment for residence ","Thousands of dollars",70826,88181,132019,191266,250854,317818,371221,444789,518681,584388,701159,712421,676976,656900,682641,689578,722401,722840,705586,687601,729249,796089,831682,870166,928082,985471,1002696,1019733,1069177,1126635,1138075,1333348,1353243,1415652,1465651
 "24000","Maryland",2,SAINC91,10,"...","Inflows of earnings ","Thousands of dollars",16462974,17202308,18385788,18956768,19594343,20026983,20725772,21842124,23273264,25676785,27988508,29506069,30763025,32572760,34795419,36793776,37466925,39036657,39887201,39822572,41360143,42859750,43088613,42517440,43350372,44443652,45891110,47728495,50243916,51881331,53121139,55828589,58643219,61951215,65288659
 "24000","Maryland",2,SAINC91,20,"...","Outflows of earnings ","Thousands of dollars",4348167,4542537,4967132,5318061,5558856,6024226,6350023,7534549,7604962,8929943,8998442,9638558,10524294,11466458,12243170,13179400,14514948,15420376,16807253,16586866,17722747,19576891,20142843,19598298,21264607,22031240,23315727,24691877,25674639,25499027,25111869,28628171,30035231,31503251,34680968
 "24000","Maryland",2,SAINC91,30,"...","Adjustment for residence ","Thousands of dollars",12114807,12659771,13418656,13638707,14035487,14002757,14375749,14307575,15668302,16746842,18990066,19867511,20238731,21106302,22552249,23614376,22951977,23616281,23079948,23235706,23637396,23282859,22945770,22919142,22085765,22412412,22575383,23036618,24569277,26382304,28009270,27200418,28607988,30447964,30607691
 "25000","Massachusetts",1,SAINC91,10,"...","Inflows of earnings ","Thousands of dollars",2774609,2766724,2946619,3068892,3217624,3434433,3643550,3960966,4447166,4743382,5214991,5479058,5612308,5882715,6302716,6660355,7107497,7540713,7774986,7548139,7953198,8526042,8937205,9211395,9687947,10105358,10292586,10693039,11021395,11303167,11511542,12400049,13110487,13595998,14233185
 "25000","Massachusetts",1,SAINC91,20,"...","Outflows of earnings ","Thousands of dollars",4848453,5004045,5292148,5630306,5981966,6260881,6737432,7362966,8048995,8928735,10264895,10675881,10702763,10977215,11893002,12089927,12806404,13650237,13851970,13019880,13948838,15174064,16316561,16553374,16627653,17856039,18594947,19530769,20681181,23059709,23285850,24145773,25157143,25012587,26124514
 "25000","Massachusetts",1,SAINC91,30,"...","Adjustment for residence ","Thousands of dollars",-2073844,-2237321,-2345529,-2561414,-2764342,-2826448,-3093882,-3402000,-3601829,-4185353,-5049904,-5196823,-5090455,-5094500,-5590286,-5429572,-5698907,-6109524,-6076984,-5471741,-5995640,-6648022,-7379356,-7341979,-6939706,-7750681,-8302361,-8837730,-9659786,-11756542,-11774308,-11745724,-12046656,-11416589,-11891329
 "26000","Michigan",3,SAINC91,10,"...","Inflows of earnings ","Thousands of dollars",1321747,1376057,1525812,1654033,1856333,1967184,2075458,2261921,2448939,2647068,2836541,2847110,2927392,3021972,3170216,3273321,3419286,3514411,3474736,3223561,3391897,3691659,4005576,4114549,4359160,4549732,4763804,4922590,5250211,5443150,5308503,6083083,6363449,6395165,6531786
 "26000","Michigan",3,SAINC91,20,"...","Outflows of earnings ","Thousands of dollars",863726,888447,973653,1026420,1102761,1170369,1252955,1352700,1456089,1566584,1738481,1658470,1711909,1751410,1803430,1830546,1789363,1838344,1793237,1707193,1813335,1967604,2097336,2201820,2291171,2425392,2499262,2602657,2718884,2795897,2664630,2829805,3022695,3183260,3304293
 "26000","Michigan",3,SAINC91,30,"...","Adjustment for residence ","Thousands of dollars",458021,487610,552159,627613,753572,796815,822503,909221,992850,1080484,1098060,1188640,1215483,1270562,1366786,1442775,1629923,1676067,1681499,1516368,1578562,1724055,1908240,1912729,2067989,2124340,2264542,2319933,2531327,2647253,2643873,3253278,3340754,3211905,3227493
 "27000","Minnesota",4,SAINC91,10,"...","Inflows of earnings ","Thousands of dollars",728059,804597,911091,991009,1074777,1145029,1237733,1333680,1481878,1590063,1751769,1838634,1893401,1974714,2088483,2189679,2336286,2501595,2610726,2612075,2751405,3012264,3307033,3464003,3674188,3790551,3789343,3890414,4086154,4205572,4218615,4534022,4907891,5187013,5431512
 "27000","Minnesota",4,SAINC91,20,"...","Outflows of earnings ","Thousands of dollars",1199175,1280058,1420374,1506359,1636055,1755085,1922729,2100666,2329093,2541262,2788528,2922528,3006207,3155715,3347778,3511189,3612262,3894756,4032293,3759871,3857133,4154936,4234239,4353572,4594576,4814605,4986757,5226783,5405731,5703611,5654020,6223342,6508981,6837600,7112165
 "27000","Minnesota",4,SAINC91,30,"...","Adjustment for residence ","Thousands of dollars",-471116,-475461,-509283,-515350,-561278,-610056,-684996,-766986,-847215,-951199,-1036759,-1083894,-1112806,-1181001,-1259295,-1321510,-1275976,-1393161,-1421567,-1147796,-1105728,-1142672,-927206,-889569,-920388,-1024054,-1197414,-1336369,-1319577,-1498039,-1435405,-1689320,-1601090,-1650587,-1680653
 "28000","Mississippi",5,SAINC91,10,"...","Inflows of earnings ","Thousands of dollars",1373998,1466103,1579815,1667514,1811311,1946286,2073648,2253571,2473709,2633219,2800261,2962335,3088145,3245251,3463908,3664720,3972496,4267372,4513154,4382307,4469424,4692197,4987111,5054620,5209460,5357563,5437342,5588683,5886301,6201427,6221609,6698687,7204661,7583861,7859232
 "28000","Mississippi",5,SAINC91,20,"...","Outflows of earnings ","Thousands of dollars",624987,662058,756950,828054,973793,1026241,1112088,1141554,1285995,1346693,1322444,1421644,1502725,1576254,1683893,1766910,1858379,1997205,2101967,2015005,2040162,2041174,2134622,2061979,2155367,2174831,2213325,2271608,2376670,2446272,2534248,2774917,2953682,3102091,3229633
 "28000","Mississippi",5,SAINC91,30,"...","Adjustment for residence ","Thousands of dollars",749011,804045,822865,839460,837518,920045,961560,1112017,1187714,1286526,1477817,1540691,1585420,1668997,1780015,1897810,2114117,2270167,2411187,2367302,2429262,2651023,2852489,2992641,3054093,3182732,3224017,3317075,3509631,3755155,3687361,3923770,4250979,4481770,4629599
 "29000","Missouri",4,SAINC91,10,"...","Inflows of earnings ","Thousands of dollars",2721990,2906198,3193472,3421040,3711849,3914130,4148907,4469454,4803705,5222918,5659135,5856527,5999917,6186078,6515609,6793846,7196382,7642820,7887438,7497271,7875193,8549446,8922413,9039038,9372998,9851951,9897859,10279452,10669229,11057861,11291582,12088599,12682730,13384667,14290633
 "29000","Missouri",4,SAINC91,20,"...","Outflows of earnings ","Thousands of dollars",5321972,5498070,5909291,6254874,6572004,7024286,7358535,7857706,8354415,8902892,9622901,9875964,10131956,10368753,10798047,11366601,12172241,12486052,13313935,12617330,12803608,12887674,13801956,13769089,14161653,14798727,15008907,15749006,16463732,17262949,17065978,18550518,19616394,20997028,21383949
 "29000","Missouri",4,SAINC91,30,"...","Adjustment for residence ","Thousands of dollars",-2599982,-2591872,-2715819,-2833834,-2860155,-3110156,-3209628,-3388252,-3550710,-3679974,-3963766,-4019437,-4132039,-4182675,-4282438,-4572755,-4975859,-4843232,-5426497,-5120059,-4928415,-4338228,-4879543,-4730051,-4788655,-4946776,-5111048,-5469554,-5794503,-6205088,-5774396,-6461919,-6933664,-7612361,-7093316
 "30000","Montana",7,SAINC91,10,"...","Inflows of earnings ","Thousands of dollars",35455,37544,39877,42420,46785,50101,54507,59391,64653,69336,76160,79732,80632,82783,87719,92145,101058,111917,127702,131384,171608,286783,474248,559757,664475,544336,373067,418737,496586,530571,400927,373233,458728,535515,583431
 "30000","Montana",7,SAINC91,20,"...","Outflows of earnings ","Thousands of dollars",39815,48968,41916,41670,41548,41607,43100,46282,46836,48011,50168,51872,54322,58771,64353,72305,86382,94910,100448,94266,97285,107028,115871,112844,117067,116402,103776,106836,116125,115842,106540,108165,120008,130759,135073
 "30000","Montana",7,SAINC91,30,"...","Adjustment for residence ","Thousands of dollars",-4360,-11424,-2039,750,5237,8494,11407,13109,17817,21325,25992,27860,26310,24012,23366,19840,14676,17007,27254,37118,74323,179755,358377,446913,547408,427934,269291,311901,380461,414729,294387,265068,338720,404756,448358
 "31000","Nebraska",4,SAINC91,10,"...","Inflows of earnings ","Thousands of dollars",277790,294036,319923,340143,388729,427811,477271,493611,546546,568867,613585,641735,661681,684207,731163,782060,868976,885207,910762,894720,931556,985996,1107718,1196902,1344524,1372964,1372742,1395355,1515776,1600248,1621145,1734484,1898653,2010265,2209154
 "31000","Nebraska",4,SAINC91,20,"...","Outflows of earnings ","Thousands of dollars",668857,720939,790840,826674,890719,975417,1076358,1170380,1260882,1368547,1481146,1516481,1563123,1621118,1674220,1722121,1725257,1832575,1890256,1851562,1829712,1949237,2106230,2165879,2281017,2392933,2440108,2561936,2638317,2738057,2792142,2989072,3221556,3369395,3486564
 "31000","Nebraska",4,SAINC91,30,"...","Adjustment for residence ","Thousands of dollars",-391067,-426903,-470917,-486531,-501990,-547606,-599087,-676769,-714336,-799680,-867561,-874746,-901442,-936911,-943057,-940061,-856281,-947368,-979494,-956842,-898156,-963241,-998512,-968977,-936493,-1019969,-1067366,-1166581,-1122541,-1137809,-1170997,-1254588,-1322903,-1359130,-1277410
 "32000","Nevada",8,SAINC91,10,"...","Inflows of earnings ","Thousands of dollars",186211,224954,300672,310142,349961,404673,452311,544945,594854,644638,758236,810331,842133,897746,979296,1057681,1153996,1240001,1261776,1176015,1201845,1276336,1346360,1427001,1489507,1625126,1710492,1788453,1949364,1927583,2208635,2267716,2483746,2557527,2685980
 "32000","Nevada",8,SAINC91,20,"...","Outflows of earnings ","Thousands of dollars",562737,570431,605784,653905,703617,753432,820404,872968,944621,1026592,1096396,1164574,1205928,1307713,1473889,1606728,1627637,1639944,1582101,1483337,1453490,1421628,1503188,1563012,1666362,1752770,1911868,1983123,2156255,2210870,2138878,2489139,2811563,2987858,3189013
 "32000","Nevada",8,SAINC91,30,"...","Adjustment for residence ","Thousands of dollars",-376526,-345477,-305112,-343763,-353656,-348759,-368093,-328023,-349767,-381954,-338160,-354243,-363795,-409967,-494593,-549047,-473641,-399943,-320325,-307322,-251645,-145292,-156828,-136011,-176855,-127644,-201376,-194670,-206891,-283287,69757,-221423,-327817,-430331,-503033
 "33000","New Hampshire",1,SAINC91,10,"...","Inflows of earnings ","Thousands of dollars",3209997,3333382,3480573,3658254,3845719,3946313,4210374,4591782,4986043,5541830,6380938,6553823,6458842,6571964,7028080,7167046,7516871,8039989,8305258,7700725,8248126,8823706,9298746,9075134,9134760,9918724,10387957,10739386,11367383,12323867,12394407,13570238,13567628,13701672,14468841
 "33000","New Hampshire",1,SAINC91,20,"...","Outflows of earnings ","Thousands of dollars",1238224,1215188,1303310,1355642,1447098,1555354,1644520,1788951,2082070,2166011,2360220,2490010,2523305,2621989,2798265,2945548,3141242,3292585,3427068,3539233,3480523,3737612,3805826,3875105,4192633,4445180,4533965,4654632,4955618,5015659,5568270,6780624,6884727,7603809,8132674
 "33000","New Hampshire",1,SAINC91,30,"...","Adjustment for residence ","Thousands of dollars",1971773,2118194,2177263,2302612,2398621,2390959,2565854,2802831,2903973,3375819,4020718,4063813,3935537,3949975,4229815,4221498,4375629,4747404,4878190,4161492,4767603,5086094,5492920,5200029,4942127,5473544,5853992,6084754,6411765,7308208,6826137,6789614,6682901,6097863,6336167
 "34000","New Jersey",2,SAINC91,10,"...","Inflows of earnings ","Thousands of dollars",22224425,22510020,25212323,25638018,26293546,28116855,30747530,33837418,37017902,39594607,44714311,45763935,44125222,44834813,49084403,52800534,58835354,66416220,67065057,56639401,62625024,67488755,70894810,71532544,74784487,77844609,79775738,84992355,90081450,97782587,97303940,108682438,115403603,120493975,129282371
 "34000","New Jersey",2,SAINC91,20,"...","Outflows of earnings ","Thousands of dollars",11870798,12197897,13146580,13386740,14059555,14751244,15426050,15755802,17421651,18098342,20167276,20582542,21294420,21750259,22930314,24195040,24943175,26105674,27495951,25508070,27564910,28367641,31129596,30743397,31107101,32171587,32360881,34414720,34940925,35943547,36967454,40209977,41768491,43442425,43902316
 "34000","New Jersey",2,SAINC91,30,"...","Adjustment for residence ","Thousands of dollars",10353627,10312123,12065743,12251278,12233991,13365611,15321480,18081616,19596251,21496265,24547035,25181393,22830802,23084554,26154089,28605494,33892179,40310546,39569106,31131331,35060114,39121114,39765214,40789147,43677386,45673022,47414857,50577635,55140525,61839040,60336486,68472461,73635112,77051550,85380055
 "35000","New Mexico",6,SAINC91,10,"...","Inflows of earnings ","Thousands of dollars",281175,306518,338870,370975,399652,429288,459487,500383,547956,593441,648255,663016,708785,741328,751062,787392,851892,915479,968095,965487,957523,987046,1016437,998142,1055342,1063276,1067354,1133553,1229338,1292934,1274809,1350315,1476282,1579232,1679973
 "35000","New Mexico",6,SAINC91,20,"...","Outflows of earnings ","Thousands of dollars",231852,245072,261565,275314,288618,307190,317732,337203,361458,378611,408484,451394,490940,535268,592421,695678,747656,819293,894809,878669,930604,988882,1013737,1036673,1102119,1102951,1065680,1099735,1258194,1262228,1164461,1177543,1374911,1586017,1606044
 "35000","New Mexico",6,SAINC91,30,"...","Adjustment for residence ","Thousands of dollars",49323,61446,77305,95661,111034,122098,141755,163180,186498,214830,239771,211622,217845,206060,158641,91714,104236,96186,73286,86818,26919,-1836,2700,-38531,-46777,-39675,1674,33818,-28856,30706,110348,172772,101371,-6785,73929
 "36000","New York",2,SAINC91,10,"...","Inflows of earnings ","Thousands of dollars",9672941,9974148,10298334,10642932,11440242,11430604,11940733,12646763,13592276,14939805,17108781,17282208,17322975,17543343,18233750,19016653,19775305,20833121,20895031,19990831,20787711,21987538,22962387,23018954,23664320,24552793,24756113,25477242,26193941,26690124,26646637,28748651,30923252,32648419,33739743
 "36000","New York",2,SAINC91,20,"...","Outflows of earnings ","Thousands of dollars",23143666,23422371,26878709,26993936,27785306,30008083,33370471,36637158,40885063,43442913,49407817,50419040,48305693,49131460,54502088,59271628,66660746,76773579,77301194,64008627,71066151,75982490,79371318,79337288,83871338,87008934,88809334,95306570,102810588,113888815,112044881,126604158,131756070,137553234,151326729
 "36000","New York",2,SAINC91,30,"...","Adjustment for residence ","Thousands of dollars",-13470725,-13448223,-16580375,-16351004,-16345064,-18577479,-21429738,-23990395,-27292787,-28503108,-32299036,-33136832,-30982718,-31588117,-36268338,-40254975,-46885441,-55940458,-56406163,-44017796,-50278440,-53994952,-56408931,-56318334,-60207018,-62456141,-64053221,-69829328,-76616647,-87198691,-85398244,-97855507,-100832818,-104904815,-117586986
 "37000","North Carolina",5,SAINC91,10,"...","Inflows of earnings ","Thousands of dollars",1091497,1134619,1234997,1324101,1396830,1485604,1578859,1702807,1888498,2041424,2181372,2303663,2433081,2685010,2901071,3152618,3386145,3624838,3767349,3700135,3878922,4217504,4458133,4658454,4973540,5212481,5600352,5996709,6259301,6812449,6944767,7724750,8222066,8525782,9027276
 "37000","North Carolina",5,SAINC91,20,"...","Outflows of earnings ","Thousands of dollars",1549082,1574784,1699482,1805364,1943204,2103403,2260866,2462456,2626310,2848277,3102218,3234000,3331767,3440141,3657512,3978757,4397900,4867727,5041534,4748894,4842012,5108379,5396957,5506999,5894181,6374985,6895097,7356159,7818272,8442206,9068841,9733210,10931262,11600546,12141879
 "37000","North Carolina",5,SAINC91,30,"...","Adjustment for residence ","Thousands of dollars",-457585,-440165,-464485,-481263,-546374,-617799,-682007,-759649,-737812,-806853,-920846,-930337,-898686,-755131,-756441,-826139,-1011755,-1242889,-1274185,-1048759,-963090,-890875,-938824,-848545,-920641,-1162504,-1294745,-1359450,-1558971,-1629757,-2124074,-2008460,-2709196,-3074764,-3114603
 "38000","North Dakota",4,SAINC91,10,"...","Inflows of earnings ","Thousands of dollars",163054,180907,201711,213602,233149,244432,254052,268854,294622,308123,321087,332850,352958,371754,390551,399503,416898,441980,471353,476980,487340,526320,567437,562168,603390,603828,611052,643240,689006,732716,762023,875253,918924,996450,1043989
 "38000","North Dakota",4,SAINC91,20,"...","Outflows of earnings ","Thousands of dollars",347225,371841,407652,438985,473661,506276,548042,589824,638617,678554,724977,765055,800048,841237,912307,969611,1051406,1145454,1233054,1279773,1454069,1847683,2468612,2853410,3238279,2988263,2580082,2725821,2969910,3103432,2790065,2841065,3180805,3509572,3763480
 "38000","North Dakota",4,SAINC91,30,"...","Adjustment for residence ","Thousands of dollars",-184171,-190934,-205941,-225383,-240512,-261844,-293990,-320970,-343995,-370431,-403890,-432205,-447090,-469483,-521756,-570108,-634508,-703474,-761701,-802793,-966729,-1321363,-1901175,-2291242,-2634889,-2384435,-1969030,-2082581,-2280904,-2370716,-2028042,-1965812,-2261881,-2513122,-2719491
 "39000","Ohio",3,SAINC91,10,"...","Inflows of earnings ","Thousands of dollars",2395358,2509013,2698989,2799344,3019702,3167203,3369597,3628595,3861150,4206255,4585874,4807565,4998492,5219030,5561822,5821158,6026706,6235075,6391542,6106318,6370176,6837879,7451783,7274203,7493869,7689286,7772297,8226170,9038275,9141510,8995738,9949987,10449410,11013432,11236176
 "39000","Ohio",3,SAINC91,20,"...","Outflows of earnings ","Thousands of dollars",3488414,3623815,3928954,4126728,4470068,4658104,4915748,5272116,5680470,5994841,6334441,6544247,6754161,6987124,7274946,7549280,7911790,8208825,8355864,7942998,8164776,8759579,9339665,9589638,10048451,10281400,10461873,10688567,11049398,11472354,11475205,12221568,12984932,13443910,14122566
 "39000","Ohio",3,SAINC91,30,"...","Adjustment for residence ","Thousands of dollars",-1093056,-1114802,-1229965,-1327384,-1450366,-1490901,-1546151,-1643521,-1819320,-1788586,-1748567,-1736682,-1755669,-1768094,-1713124,-1728122,-1885084,-1973750,-1964322,-1836680,-1794600,-1921700,-1887882,-2315435,-2554582,-2592114,-2689576,-2462397,-2011123,-2330844,-2479467,-2271581,-2535522,-2430478,-2886390
 "40000","Oklahoma",6,SAINC91,10,"...","Inflows of earnings ","Thousands of dollars",741131,778062,831537,871369,929707,975698,1019345,1115130,1172721,1243068,1351117,1386489,1384417,1405679,1449092,1489829,1553745,1586625,1596876,1477392,1476990,1529040,1572883,1564587,1616599,1634104,1631280,1690256,1786130,1823718,1841443,1966842,2141677,2294130,2416285
 "40000","Oklahoma",6,SAINC91,20,"...","Outflows of earnings ","Thousands of dollars",172744,180859,213106,214707,215839,229135,239863,256429,279970,304146,332314,372495,398724,438990,500190,578898,671133,740232,806392,798189,865268,968498,1022256,1092537,1154962,1199893,1175655,1246982,1311255,1353468,1363532,1354621,1474496,1615781,1684051
 "40000","Oklahoma",6,SAINC91,30,"...","Adjustment for residence ","Thousands of dollars",568387,597203,618431,656662,713868,746563,779482,858701,892751,938922,1018803,1013994,985693,966689,948902,910931,882612,846393,790484,679203,611722,560542,550627,472050,461637,434211,455625,443274,474875,470250,477911,612221,667181,678349,732234
 "41000","Oregon",8,SAINC91,10,"...","Inflows of earnings ","Thousands of dollars",714430,763307,803638,843953,954044,998665,1006387,1089537,1190656,1342050,1487903,1489365,1457825,1458024,1499938,1540630,1577300,1617126,1591563,1506453,1516292,1562676,1642836,1636911,1741750,1850594,1942970,2084606,2237877,2360162,2449334,2739867,2932604,3104751,3293787
 "41000","Oregon",8,SAINC91,20,"...","Outflows of earnings ","Thousands of dollars",1332496,1446217,1583156,1718931,1895183,2117948,2361159,2629869,2854288,3099066,3486700,3600355,3646997,3824151,4091937,4423886,4851417,5162510,5258205,4996320,4886659,5265082,5556229,5542774,5628341,5990823,6470065,6816435,7352210,7845283,8178346,9157407,9876666,10356682,10687996
 "41000","Oregon",8,SAINC91,30,"...","Adjustment for residence ","Thousands of dollars",-618066,-682910,-779518,-874978,-941139,-1119283,-1354772,-1540332,-1663632,-1757016,-1998797,-2110990,-2189172,-2366127,-2591999,-2883256,-3274117,-3545384,-3666642,-3489867,-3370367,-3702406,-3913393,-3905863,-3886591,-4140229,-4527095,-4731829,-5114333,-5485121,-5729012,-6417540,-6944062,-7251931,-7394209
 "42000","Pennsylvania",2,SAINC91,10,"...","Inflows of earnings ","Thousands of dollars",7098900,7332111,7886073,8298396,8811958,9587729,10268380,11215135,12321308,13214159,14571059,15405466,16014939,16941503,18344302,20005530,21360073,23122347,23948801,22468784,23652415,24637984,25996978,26101576,27677760,28623252,29261374,30802996,32355233,34047069,34333768,37123298,38343471,40097943,42139839
 "42000","Pennsylvania",2,SAINC91,20,"...","Outflows of earnings ","Thousands of dollars",6060004,6279610,6660144,6958765,7159873,7420895,7835017,8342504,9050590,9657795,10515077,11088262,11427176,11865616,12478125,13117633,14025366,14901273,15376793,15141326,15653709,16774374,17771918,17963314,18707578,19673488,19826749,20807821,21480853,22379637,22143628,23659955,25530193,27151429,28477868
 "42000","Pennsylvania",2,SAINC91,30,"...","Adjustment for residence ","Thousands of dollars",1038896,1052501,1225929,1339631,1652085,2166834,2433363,2872631,3270718,3556364,4055982,4317204,4587763,5075887,5866177,6887897,7334707,8221074,8572008,7327458,7998706,7863610,8225060,8138262,8970182,8949764,9434625,9995175,10874380,11667432,12190140,13463343,12813278,12946514,13661971
 "44000","Rhode Island",1,SAINC91,10,"...","Inflows of earnings ","Thousands of dollars",1668349,1677558,1773436,1874023,1996963,2113084,2249267,2420243,2620915,2841758,3155669,3393051,3535458,3694403,4095263,4107440,4365290,4619478,4549223,4439370,4508279,5014772,5437144,5669297,5658478,6027079,6216046,6668743,7126362,8146663,8583775,8727013,9568636,9653593,10050604
 "44000","Rhode Island",1,SAINC91,20,"...","Outflows of earnings ","Thousands of dollars",997641,980995,1055389,1113411,1167333,1253955,1320645,1425265,1547394,1666608,1820320,1964078,2120093,2318171,2496386,2667910,2912963,3089968,3238053,3200728,3484782,3734825,4014202,4254070,4505016,4686242,4795354,5010067,5065530,5123727,5241349,5617860,5950241,5985371,6214700
 "44000","Rhode Island",1,SAINC91,30,"...","Adjustment for residence ","Thousands of dollars",670708,696563,718047,760612,829630,859129,928622,994978,1073521,1175150,1335349,1428973,1415365,1376232,1598877,1439530,1452327,1529510,1311170,1238642,1023497,1279947,1422942,1415227,1153462,1340837,1420692,1658676,2060832,3022936,3342426,3109153,3618395,3668222,3835904
 "45000","South Carolina",5,SAINC91,10,"...","Inflows of earnings ","Thousands of dollars",1594966,1615438,1729880,1821942,1951594,2102486,2268350,2463363,2651403,2869381,3155723,3307245,3426615,3591536,3821662,4174436,4593258,5078617,5268531,5085803,5158108,5457604,5846318,6037610,6453396,6997534,7581220,8090474,8545752,9235789,9943230,10730041,11778818,12293579,12754714
 "45000","South Carolina",5,SAINC91,20,"...","Outflows of earnings ","Thousands of dollars",1087605,1121154,1226342,1302125,1315323,1335170,1390540,1427332,1535974,1666004,1726512,1787815,1870494,2000885,2147862,2305947,2450950,2564719,2674578,2502744,2632988,2896219,2995494,3084515,3341513,3511628,3675429,4015173,4294959,4709378,4765869,5176917,5603067,5688248,6083907
 "45000","South Carolina",5,SAINC91,30,"...","Adjustment for residence ","Thousands of dollars",507361,494284,503538,519817,636271,767316,877810,1036031,1115429,1203377,1429211,1519430,1556121,1590651,1673800,1868489,2142308,2513898,2593953,2583059,2525120,2561385,2850824,2953095,3111883,3485906,3905791,4075301,4250793,4526411,5177361,5553124,6175751,6605331,6670807
 "46000","South Dakota",4,SAINC91,10,"...","Inflows of earnings ","Thousands of dollars",69075,78176,90069,102254,115018,141973,149040,184935,199964,219733,250277,258705,267848,281220,293577,322042,355764,405246,443090,431093,446287,433542,476449,494099,553429,584083,560589,534681,549415,556344,553154,602686,620841,688903,748482
 "46000","South Dakota",4,SAINC91,20,"...","Outflows of earnings ","Thousands of dollars",123314,145919,175047,202622,245438,291878,337828,370589,432559,469062,517417,523452,504667,506535,514665,493453,497041,544685,546553,499882,517522,546462,548383,532421,574950,595639,613957,646425,675783,698721,722977,789142,860468,909790,970788
 "46000","South Dakota",4,SAINC91,30,"...","Adjustment for residence ","Thousands of dollars",-54239,-67743,-84978,-100368,-130420,-149905,-188788,-185654,-232595,-249329,-267140,-264747,-236819,-225315,-221088,-171411,-141277,-139439,-103463,-68789,-71235,-112920,-71934,-38322,-21521,-11556,-53368,-111744,-126368,-142377,-169823,-186456,-239627,-220887,-222306
 "47000","Tennessee",5,SAINC91,10,"...","Inflows of earnings ","Thousands of dollars",1678684,1794965,2155674,2235086,2379280,2526452,2707349,2750011,2928026,3063853,3186523,3342191,3493815,3710876,3902812,4325155,4669540,4915817,5212971,5241677,5575563,5954934,6083509,5956185,6161110,6373077,6405256,6522919,6735862,6785831,7023272,7883745,8516080,9086833,9709692
 "47000","Tennessee",5,SAINC91,20,"...","Outflows of earnings ","Thousands of dollars",2307439,2417063,2638365,2830770,3066206,3293713,3492112,3780504,4102783,4422706,4736231,4905265,5047262,5271555,5547597,5784385,6055134,6401902,6600086,6213492,6325986,6718616,7160500,7198546,7363561,7695557,8001673,8275456,8711913,9103747,9322310,10142782,10967589,11587802,11952516
 "47000","Tennessee",5,SAINC91,30,"...","Adjustment for residence ","Thousands of dollars",-628755,-622098,-482691,-595684,-686926,-767261,-784763,-1030493,-1174757,-1358853,-1549708,-1563074,-1553447,-1560679,-1644785,-1459230,-1385594,-1486085,-1387115,-971815,-750423,-763682,-1076991,-1242361,-1202451,-1322480,-1596417,-1752537,-1976051,-2317916,-2299038,-2259037,-2451509,-2500969,-2242824
 "48000","Texas",6,SAINC91,10,"...","Inflows of earnings ","Thousands of dollars",1090859,1146769,1236680,1307931,1386373,1464239,1566429,1697709,1864110,2035807,2251252,2377420,2454592,2582002,2777837,3011044,3260886,3521773,3723914,3563352,3698947,3946332,4134460,4286790,4650797,4843932,5020595,5427627,5745013,5779672,5602088,6000368,6504060,6993931,7329080
 "48000","Texas",6,SAINC91,20,"...","Outflows of earnings ","Thousands of dollars",1575329,1709606,1822482,1914453,2057643,2216884,2389498,2660636,2922513,3118572,3431360,3562373,3611628,3663429,3775908,3978173,4312374,4661198,4923344,4970990,5237424,5796865,6351803,6681804,7109601,7291094,7165052,7314133,7739661,8160133,7752109,8164853,9093865,9766069,10379760
 "48000","Texas",6,SAINC91,30,"...","Adjustment for residence ","Thousands of dollars",-484470,-562837,-585802,-606522,-671270,-752645,-823069,-962927,-1058403,-1082765,-1180108,-1184953,-1157036,-1081427,-998071,-967129,-1051488,-1139425,-1199430,-1407638,-1538477,-1850533,-2217343,-2395014,-2458804,-2447162,-2144457,-1886506,-1994648,-2380461,-2150021,-2164485,-2589805,-2772138,-3050680
 "49000","Utah",7,SAINC91,10,"...","Inflows of earnings ","Thousands of dollars",137557,144031,155230,172588,193337,204542,226251,250038,271752,300498,335200,343251,346975,361212,388973,423206,464569,500693,524670,471817,476074,500812,542305,568612,599218,611663,606429,638515,685163,721120,714500,775449,844418,912148,967163
 "49000","Utah",7,SAINC91,20,"...","Outflows of earnings ","Thousands of dollars",120691,132534,148675,165462,186393,204244,225854,250186,275576,301818,330316,343467,349144,359975,386950,407841,445074,484788,491080,464578,474823,501855,525844,540913,565426,603569,633978,671783,716082,770251,816358,912105,999537,1068557,1129432
 "49000","Utah",7,SAINC91,30,"...","Adjustment for residence ","Thousands of dollars",16866,11497,6555,7126,6944,298,397,-148,-3824,-1320,4884,-216,-2169,1237,2023,15365,19495,15905,33590,7239,1251,-1043,16461,27699,33792,8094,-27549,-33268,-30919,-49131,-101858,-136656,-155119,-156409,-162269
 "50000","Vermont",1,SAINC91,10,"...","Inflows of earnings ","Thousands of dollars",337128,351958,387831,419632,456141,484753,518443,567344,629110,682123,748885,780577,810378,848598,885698,922003,973918,1018421,1045974,1052042,1091916,1141960,1174556,1221510,1254905,1307700,1339310,1362285,1414661,1470577,1511665,1612847,1724178,1834534,1914775
 "50000","Vermont",1,SAINC91,20,"...","Outflows of earnings ","Thousands of dollars",285129,292345,319731,341799,363152,378689,396416,420931,454810,486575,522096,543792,576046,598086,648838,673026,693261,727795,760912,720791,761942,836770,861968,883894,884254,936993,961024,943357,983864,977063,966652,1066156,1198026,1247896,1343545
 "50000","Vermont",1,SAINC91,30,"...","Adjustment for residence ","Thousands of dollars",51999,59613,68100,77833,92989,106064,122027,146413,174300,195548,226789,236785,234332,250512,236860,248977,280657,290626,285062,331251,329974,305190,312588,337616,370651,370707,378286,418928,430797,493514,545013,546691,526152,586638,571230
 "51000","Virginia",5,SAINC91,10,"...","Inflows of earnings ","Thousands of dollars",11569102,12251419,13190137,13839922,14207379,14706239,14902796,16236965,16933355,19615223,19362888,20414974,21832362,23281339,24961942,26323277,28246905,29702573,31884233,31805497,33791584,36398935,36365316,35641783,37941369,39225848,41001744,42387088,43835990,43805627,43886765,48289871,49570173,50934503,53802077
 "51000","Virginia",5,SAINC91,20,"...","Outflows of earnings ","Thousands of dollars",6372954,6622617,7158504,7496076,7938380,8330732,8977911,9754724,10721950,11693571,13300372,13840267,13748033,14497781,15713127,16805641,17434872,18282586,18622125,18715737,19188823,19520350,19514947,19034877,19428259,20266099,21161195,22032374,23033045,24388649,25243686,27040779,28691067,30802094,32635679
 "51000","Virginia",5,SAINC91,30,"...","Adjustment for residence ","Thousands of dollars",5196148,5628802,6031633,6343846,6268999,6375507,5924885,6482241,6211405,7921652,6062516,6574707,8084329,8783558,9248815,9517636,10812033,11419987,13262108,13089760,14602761,16878585,16850369,16606906,18513110,18959749,19840549,20354714,20802945,19416978,18643079,21249092,20879106,20132409,21166398
 "53000","Washington",8,SAINC91,10,"...","Inflows of earnings ","Thousands of dollars",1759726,1902804,2083648,2240800,2434957,2660794,2932803,3230649,3503913,3792020,4319342,4442335,4497805,4675276,4966186,5315534,5833935,6185454,6239024,5923709,5872572,6315112,6592778,6621603,6752245,7210061,7711822,8119529,8738944,9220409,9458228,10582501,11501540,12195860,12579994
 "53000","Washington",8,SAINC91,20,"...","Outflows of earnings ","Thousands of dollars",841506,912560,982539,1044917,1185103,1253485,1305694,1445039,1611924,1833574,2038295,2066361,2066519,2108920,2200839,2282919,2391987,2520176,2557146,2529417,2631725,2790340,2983880,3041336,3219187,3384830,3603409,3857944,4135853,4453145,4465350,4991791,5282966,5708108,6061382
 "53000","Washington",8,SAINC91,30,"...","Adjustment for residence ","Thousands of dollars",918220,990244,1101109,1195883,1249854,1407309,1627109,1785610,1891989,1958446,2281047,2375974,2431286,2566356,2765347,3032615,3441948,3665278,3681878,3394292,3240847,3524772,3608898,3580267,3533058,3825231,4108413,4261585,4603091,4767264,4992878,5590710,6218574,6487752,6518612
 "54000","West Virginia",5,SAINC91,10,"...","Inflows of earnings ","Thousands of dollars",1368532,1406078,1538055,1600122,1739835,1820209,1915374,2086558,2293495,2493351,2686537,2903778,3018738,3206318,3467780,3794486,4079797,4362553,4577106,4475254,4621091,4845409,4854228,4902347,5067881,5179430,5355642,5575205,5770347,6098821,6171661,6732832,7185959,7544589,7937684
 "54000","West Virginia",5,SAINC91,20,"...","Outflows of earnings ","Thousands of dollars",1276467,1331783,1404126,1468551,1559229,1596541,1680978,1694091,1854665,1992536,2061292,2131497,2202509,2245884,2378404,2506052,2743086,2876745,3135812,3146700,3161606,3377372,3638898,3646999,3598469,3711046,3640933,3956209,4537092,4377837,4079058,4419515,4688387,5070255,5445715
 "54000","West Virginia",5,SAINC91,30,"...","Adjustment for residence ","Thousands of dollars",92065,74295,133929,131571,180606,223668,234396,392467,438830,500815,625245,772281,816229,960434,1089376,1288434,1336711,1485808,1441294,1328554,1459485,1468037,1215330,1255348,1469412,1468384,1714709,1618996,1233255,1720984,2092603,2313317,2497572,2474334,2491969
 "55000","Wisconsin",3,SAINC91,10,"...","Inflows of earnings ","Thousands of dollars",2078855,2181673,2381204,2520968,2744713,2936218,3156474,3456119,3779684,4074363,4450915,4692549,4873063,5069433,5304756,5609026,5887346,6264750,6387227,5903243,5993760,6413726,6628903,6827888,7098815,7464648,7598387,7920300,8216056,8581029,8397247,9099387,9521465,9907898,10269650
 "55000","Wisconsin",3,SAINC91,20,"...","Outflows of earnings ","Thousands of dollars",736365,818932,919279,1002331,1088986,1161411,1238308,1335369,1473523,1597416,1743508,1853520,1948001,2068549,2197966,2308607,2464171,2581170,2659465,2612470,2751137,3053829,3330159,3568103,3605353,3828286,3863705,4009594,4276831,4373934,4447167,4870615,5299959,5551289,5805243
 "55000","Wisconsin",3,SAINC91,30,"...","Adjustment for residence ","Thousands of dollars",1342490,1362741,1461925,1518637,1655727,1774807,1918166,2120750,2306161,2476947,2707407,2839029,2925062,3000884,3106790,3300419,3423175,3683580,3727762,3290773,3242623,3359897,3298744,3259785,3493462,3636362,3734682,3910706,3939225,4207095,3950080,4228772,4221506,4356609,4464407
 "56000","Wyoming",7,SAINC91,10,"...","Inflows of earnings ","Thousands of dollars",75381,89440,88644,94068,100049,106320,114669,125192,134684,146291,162862,164408,165672,167353,178900,181381,193122,214460,227749,209267,211789,241290,290572,338107,375752,353838,282860,310293,365327,385677,339224,343188,370863,424279,437000
 "56000","Wyoming",7,SAINC91,20,"...","Outflows of earnings ","Thousands of dollars",85971,90444,94768,101984,107520,111278,114226,119880,126898,139399,149099,173604,195042,217309,241498,274685,333838,391806,444051,424892,449433,488638,536226,572556,597437,591077,557469,572817,611819,645662,616554,660380,716711,787436,845706
 "56000","Wyoming",7,SAINC91,30,"...","Adjustment for residence ","Thousands of dollars",-10590,-1004,-6124,-7916,-7471,-4958,443,5312,7786,6892,13763,-9196,-29370,-49956,-62598,-93304,-140716,-177346,-216302,-215625,-237644,-247348,-245654,-234449,-221685,-237239,-274609,-262524,-246492,-259985,-277330,-317192,-345848,-363157,-408706
"Note: See the included footnote file."
"SAINC91: Gross flow of earnings "
"Last updated: September 26, 2025-- new statistics for 2024; revised statistics for 2020-2023."
"U.S. Bureau of Economic Analysis"
