GeoFIPS,GeoName,Region,TableName,LineCode,IndustryClassification,Description,Unit,1998,1999,2000,2001,2002,2003,2004,2005,2006,2007,2008,2009,2010,2011,2012,2013,2014,2015,2016,2017,2018,2019,2020,2021,2022,2023,2024
 "27000","Minnesota",4,SAINC5N,10,"...","Personal income (thousands of dollars) ","Thousands of dollars",140269135,147376230,159595422,166509015,170085165,177862252,188674909,193583814,203249483,215185417,225533454,216335432,225971601,241599513,255427731,257507779,270190205,282988049,288866631,301748990,317564784,329291605,350469969,387015800,397877372,418091002,437981871
 "27000","Minnesota",4,SAINC5N,20,"...","Population (persons) 2/","Number of persons",4813412,4873481,4933692,4982796,5018935,5053572,5087713,5119598,5163555,5207203,5247018,5281203,5312197,5352946,5388902,5431187,5474193,5510593,5557028,5606013,5650556,5686910,5710735,5718660,5721621,5753048,5793151
 "27000","Minnesota",4,SAINC5N,30,"...","Per capita personal income (dollars) 3/","Dollars",29141,30240,32348,33417,33889,35195,37084,37812,39362,41325,42983,40963,42538,45134,47399,47413,49357,51353,51982,53826,56201,57903,61370,67676,69539,72673,75603
 "27000","Minnesota",4,SAINC5N,35,"..."," Earnings by place of work ","Thousands of dollars",110198103,117102517,126849075,131679344,135093435,141095703,150929725,154900880,159552889,167147935,171959840,162567044,169567097,179493894,189437137,194360142,201443195,210015982,213544514,223396198,233241058,240688893,244836102,265045588,282019234,293426204,306486524
 "27000","Minnesota",4,SAINC5N,36,"..."," Less: Contributions for government social insurance 4/","Thousands of dollars",12711506,13569490,14524790,15034335,15354054,16036637,16941861,17690273,18558792,19325257,19933376,19268428,19583366,18321245,19063750,22424142,23117096,23937408,24621148,25693344,26968956,27946115,28271041,29743755,32099684,33883918,36030648
 "27000","Minnesota",4,SAINC5N,37,"...","  Employee and self-employed contributions for government social insurance ","Thousands of dollars",6490146,6967045,7433330,7719236,7912051,8174162,8629836,8996907,9505875,9972257,10352177,10037761,10138376,8310229,8594750,11486695,12023003,12522204,12969946,13579781,14377835,14971928,15209899,16067453,17481807,18413838,19604695
 "27000","Minnesota",4,SAINC5N,38,"...","  Employer contributions for government social insurance ","Thousands of dollars",6221360,6602445,7091460,7315099,7442003,7862475,8312025,8693366,9052917,9353000,9581199,9230667,9444990,10011016,10469000,10937447,11094093,11415204,11651202,12113563,12591121,12974187,13061142,13676302,14617877,15470080,16425953
 "27000","Minnesota",4,SAINC5N,42,"..."," Plus: Adjustment for residence 5/","Thousands of dollars",-847215,-951199,-1036759,-1083894,-1112806,-1181001,-1259295,-1321510,-1275976,-1393161,-1421567,-1147796,-1105728,-1142672,-927206,-889569,-920388,-1024054,-1197414,-1336369,-1319577,-1498039,-1435405,-1689320,-1601090,-1650587,-1680653
 "27000","Minnesota",4,SAINC5N,45,"..."," Equals: Net earnings by place of residence ","Thousands of dollars",96639382,102581828,111287526,115561115,118626575,123878065,132728569,135889097,139718121,146429517,150604897,142150820,148878003,160029977,169446181,171046431,177405711,185054520,187725952,196366485,204952525,211244739,215129656,233612513,248318460,257891699,268775223
 "27000","Minnesota",4,SAINC5N,46,"..."," Plus: Dividends, interest, and rent 6/","Thousands of dollars",28423895,28806858,31179629,31725678,30588892,32100713,32937871,33582694,36977943,39677676,41968678,38001633,38066748,42229450,46625604,45693369,49539372,53227695,55027414,57275201,61389442,64811952,64144743,74716765,78624778,88073916,91298940
 "27000","Minnesota",4,SAINC5N,47,"..."," Plus: Personal current transfer receipts ","Thousands of dollars",15205858,15987544,17128267,19222222,20869698,21883474,23008469,24112023,26553419,29078224,32959879,36182979,39026850,39340086,39355946,40767979,43245122,44705834,46113265,48107304,51222817,53234914,71195570,78686522,70934134,72125387,77907708
 "27000","Minnesota",4,SAINC5N,50,"..."," Wages and salaries ","Thousands of dollars",83033201,88595038,95704176,98980854,100658944,103497030,109165933,111887009,116916388,123700573,127231904,121063968,124164265,128981626,135332810,139565886,145880985,153855621,158151066,165806439,172885486,179150957,179529331,192137130,205463270,214682173,224993584
 "27000","Minnesota",4,SAINC5N,60,"..."," Supplements to wages and salaries ","Thousands of dollars",17130513,18151011,19865180,21094172,21875906,23710767,25115729,26416332,26091468,27849783,29186477,27788733,28892165,31110468,29826251,31085927,32886563,33551682,34685103,36197423,37983921,39108928,39478267,42069791,43565704,45338992,47164174
 "27000","Minnesota",4,SAINC5N,61,"...","  Employer contributions for employee pension and insurance funds 7/","Thousands of dollars",10909153,11548566,12773720,13779073,14433903,15848292,16803704,17722966,17038551,18496783,19605278,18558066,19447175,21099452,19357251,20148480,21792470,22136478,23033901,24083860,25392800,26134741,26417125,28393489,28947827,29868912,30738221
 "27000","Minnesota",4,SAINC5N,62,"...","  Employer contributions for government social insurance ","Thousands of dollars",6221360,6602445,7091460,7315099,7442003,7862475,8312025,8693366,9052917,9353000,9581199,9230667,9444990,10011016,10469000,10937447,11094093,11415204,11651202,12113563,12591121,12974187,13061142,13676302,14617877,15470080,16425953
 "27000","Minnesota",4,SAINC5N,70,"..."," Proprietors' income 8/","Thousands of dollars",10034389,10356468,11279719,11604318,12558585,13887906,16648063,16597539,16545033,15597579,15541459,13714343,16510667,19401800,24278076,23708329,22675647,22608679,20708345,21392336,22371651,22429008,25828504,30838667,32990260,33405039,34328766
 "27000","Minnesota",4,SAINC5N,71,"...","  Farm proprietors' income ","Thousands of dollars",886372,775363,878894,462672,396569,1286949,1935430,2418420,2047244,1975412,3487894,1427435,2558796,3872075,5217756,5009538,3126858,2487731,729273,1341787,1100432,260007,2788337,3673326,5879406,3015634,1771734
 "27000","Minnesota",4,SAINC5N,72,"...","  Nonfarm proprietors' income ","Thousands of dollars",9148017,9581105,10400825,11141646,12162016,12600957,14712633,14179119,14497789,13622167,12053565,12286908,13951871,15529725,19060320,18698791,19548789,20120948,19979072,20050549,21271219,22169001,23040167,27165341,27110854,30389405,32557032
 "27000","Minnesota",4,SAINC5N,81,"111-112"," Farm earnings ","Thousands of dollars",1396979,1261311,1453010,1029219,1009651,1826520,2445346,2903197,2519824,2578579,4015137,2154973,3187367,4370463,6011723,5621281,3734846,3153732,1464557,2050026,1751103,1066371,3569693,4460763,6806821,3958517,2917790
 "27000","Minnesota",4,SAINC5N,82,"..."," Nonfarm earnings ","Thousands of dollars",108801124,115841206,125396065,130650125,134083784,139269183,148484379,151997683,157033065,164569356,167944703,160412071,166379730,175123431,183425414,188738861,197708349,206862250,212079957,221346172,231489955,239622522,241266409,260584825,275212413,289467687,303568734
 "27000","Minnesota",4,SAINC5N,90,"113-814","  Private nonfarm earnings ","Thousands of dollars",93809266,100096818,108556159,112862611,115247610,119756357,128094847,130831998,135138217,141746182,144061031,135933517,141582141,150539504,158835828,163038394,171058411,179256436,183869630,192409680,201283750,208522955,209069262,227731239,241326199,253584129,264813053
 "27000","Minnesota",4,SAINC5N,100,"113-115","   Forestry, fishing, and related activities ","Thousands of dollars",132000,134270,148454,117945,124470,229451,352155,336840,296425,222950,223694,222827,300837,292100,344879,343293,339425,386476,389396,430266,440607,426389,467968,423595,468214,597515,597815
 "27000","Minnesota",4,SAINC5N,101,"113","    Forestry and logging ","Thousands of dollars",31786,32906,35523,33104,33854,35929,49253,53368,52837,37071,36987,41992,51640,49278,47607,48040,52576,57911,54980,58097,57444,61211,71316,63328,58040,74658,71940
 "27000","Minnesota",4,SAINC5N,102,"114","    Fishing, hunting and trapping ","Thousands of dollars",(T),(T),(T),2197,1916,1921,47,-1544,-174,-1895,-1639,-1857,1019,1837,3364,3902,5337,6689,6290,7040,6624,6923,6591,7071,4359,7378,7265
 "27000","Minnesota",4,SAINC5N,103,"115","    Support activities for agriculture and forestry ","Thousands of dollars",97508,98836,110080,82644,88700,191601,302855,285016,243762,187774,188346,182692,248178,240985,293908,291351,281512,321876,328126,365129,376539,358255,390061,353196,405815,515479,518610
 "27000","Minnesota",4,SAINC5N,200,"21","   Mining, quarrying, and oil and gas extraction ","Thousands of dollars",464184,444147,453957,408610,378566,361250,383195,414310,501657,485519,731733,602239,976307,1174672,1176143,925151,826814,674509,518245,856069,1076334,1040340,797522,1002862,1331873,1154091,1166962
 "27000","Minnesota",4,SAINC5N,201,"211","    Oil and gas extraction ","Thousands of dollars",-10267,-10970,(T),(D),(D),(D),(D),(D),(D),(D),(D),(D),(D),(D),(D),(D),(D),16071,34346,285587,(D),(D),166078,(D),551360,417971,413897
 "27000","Minnesota",4,SAINC5N,202,"212","    Mining (except oil and gas) ","Thousands of dollars",473691,454422,461465,415354,384929,361719,374444,397007,491352,479269,720499,591470,956703,1105094,1133179,894969,813148,665828,492095,562130,723671,715605,606543,749791,757088,705022,721529
 "27000","Minnesota",4,SAINC5N,203,"213","    Support activities for mining ","Thousands of dollars",(T),(T),(T),(D),(D),(D),(D),(D),(D),(D),(D),(D),(D),(D),(D),(D),(D),-7390,-8196,8352,(D),(D),24901,(D),23425,31098,31536
 "27000","Minnesota",4,SAINC5N,300,"22","   Utilities ","Thousands of dollars",492229,509517,581332,842827,811667,959281,1198077,1210446,1293318,1342291,1491557,1462077,1530517,1679598,1580853,1773446,1849630,1857838,1856742,1814816,1893959,1970350,2175197,2228822,2194742,2322957,2410130
 "27000","Minnesota",4,SAINC5N,400,"23","   Construction ","Thousands of dollars",6841245,7897221,8773734,9149143,9485994,9873889,10361214,10220576,10284880,9803654,9074134,8058680,8107707,8785669,9786214,10407842,11288761,12229423,12491097,13237813,13685947,14874326,14777748,16133504,16880291,18230537,19398895
 "27000","Minnesota",4,SAINC5N,401,"236","    Construction of buildings ","Thousands of dollars",1573863,1809950,2033345,2185252,2323459,2387021,2466631,2459962,2434531,2389593,2361464,2151964,2188541,2435701,2838027,2833418,2994373,3141381,3203505,3381474,3551886,3795595,3478464,3655693,3972284,4429706,4657681
 "27000","Minnesota",4,SAINC5N,402,"237","    Heavy and civil engineering construction ","Thousands of dollars",815965,923806,972237,989866,1076282,1121459,1178896,1127022,1127717,1125330,1109024,1100341,1049626,1087387,1195904,1315002,1425680,1570224,1573704,1640660,1718485,1899414,2057209,2638780,2412594,2516104,2853171
 "27000","Minnesota",4,SAINC5N,403,"238","    Specialty trade contractors ","Thousands of dollars",4451417,5163465,5768152,5974025,6086253,6365409,6715687,6633592,6722632,6288731,5603646,4806375,4869540,5262581,5752283,6259422,6868708,7517818,7713888,8215679,8415576,9179317,9242075,9839031,10495413,11284727,11888043
 "27000","Minnesota",4,SAINC5N,500,"31-33","   Manufacturing ","Thousands of dollars",18908513,19700135,20708176,20525661,20751558,21178594,22936402,22508100,22566423,23029140,23193667,20879447,21070224,22393878,23391765,23808457,25197801,26557580,26703670,27568179,28634092,29155179,28882150,31055071,33671399,36233647,37414731
 "27000","Minnesota",4,SAINC5N,510,"321,327-339","    Durable goods manufacturing ","Thousands of dollars",12292346,12725588,13551072,13400898,13245523,13680671,14949802,15164919,15331346,15672907,15647812,13765225,14010686,14960780,15480214,15796579,16381566,17261189,17503889,18178241,18807973,19109632,18937926,20324339,21481199,22546286,23397816
 "27000","Minnesota",4,SAINC5N,511,"321","     Wood product manufacturing ","Thousands of dollars",681506,735638,778739,795506,776092,865203,1123646,1166812,1096740,979604,847061,632343,577302,610057,609026,622299,708483,796727,925000,968228,956697,943261,938609,1074326,1181575,1269974,1326624
 "27000","Minnesota",4,SAINC5N,512,"327","     Nonmetallic mineral product manufacturing ","Thousands of dollars",435964,455579,492124,518579,530023,539003,584519,593728,588322,621445,590574,480066,473097,519222,553485,590410,592677,630339,716533,737210,796039,807639,858349,973963,978867,994952,1058997
 "27000","Minnesota",4,SAINC5N,513,"331","     Primary metal manufacturing ","Thousands of dollars",311860,300326,309546,322064,325875,332196,382329,399850,407212,413457,445444,316865,362789,464409,457833,433787,438866,452282,416979,466311,524427,521806,413337,471599,498167,527760,619088
 "27000","Minnesota",4,SAINC5N,514,"332","     Fabricated metal product manufacturing ","Thousands of dollars",2302121,2319416,2460616,2329305,2209091,2206339,2340101,2446259,2544323,2680710,2701784,2350690,2370787,2548886,2721905,2754663,2908228,2952123,3008695,3136919,3299859,3378109,3416494,3706697,3988779,4177205,4227166
 "27000","Minnesota",4,SAINC5N,515,"333","     Machinery manufacturing ","Thousands of dollars",2164228,2210353,2331020,2297252,2160165,2149228,2225440,2302716,2249334,2330157,2379854,2089569,2127490,2287898,2443088,2530349,2610200,2726220,2750741,2867227,3006912,3002784,2992145,3210177,3460889,3671234,3829241
 "27000","Minnesota",4,SAINC5N,516,"334","     Computer and electronic product manufacturing ","Thousands of dollars",3654275,3879614,4140069,3982581,4074857,4174187,4385374,4378506,4530084,4571616,4788701,4432074,4434717,4622321,4768865,4810043,4949441,5231812,5350329,5518363,5526421,5604065,5477116,5730306,5636733,5929854,6022268
 "27000","Minnesota",4,SAINC5N,517,"335","     Electrical equipment, appliance, and component manufacturing ","Thousands of dollars",429382,456469,505162,506205,469424,455611,493897,528583,563098,597380,671896,634518,619372,690943,711877,713053,745616,752620,736174,733498,778923,803401,759327,739384,806562,860432,899899
 "27000","Minnesota",4,SAINC5N,518,"3361-3363","     Motor vehicles, bodies and trailers, and parts manufacturing ","Thousands of dollars",458418,464644,506314,445855,464414,472959,431547,434116,400811,487012,360519,290787,295397,(D),(D),(D),(D),(D),(D),(D),(D),(D),(D),(D),(D),(D),(D)
 "27000","Minnesota",4,SAINC5N,519,"3364-3466,3369","     Other transportation equipment manufacturing ","Thousands of dollars",257973,289437,303268,354909,389664,408076,449621,459821,442829,416468,419666,311580,314909,(D),(D),(D),(D),(D),(D),(D),(D),(D),(D),(D),(D),(D),(D)
 "27000","Minnesota",4,SAINC5N,521,"337","     Furniture and related product manufacturing ","Thousands of dollars",479288,520413,553097,530712,522386,547067,581985,595649,594038,593784,552780,420682,417603,449418,508408,520399,542778,598662,592050,636551,663171,683405,692170,779205,772895,652979,695889
 "27000","Minnesota",4,SAINC5N,522,"339","     Miscellaneous manufacturing ","Thousands of dollars",1117331,1093699,1171117,1317930,1323532,1530802,1951343,1858879,1914555,1981274,1889533,1806051,2017223,2027663,1987006,2066960,2154534,2324826,2289314,2364062,2455252,2537345,2580999,2718166,3144591,3370831,3649012
 "27000","Minnesota",4,SAINC5N,530,"311-316,322-326","    Nondurable goods manufacturing ","Thousands of dollars",6616167,6974547,7157104,7124763,7506035,7497923,7986600,7343181,7235077,7356233,7545855,7114222,7059538,7433098,7911551,8011878,8816235,9296391,9199781,9389938,9826119,10045547,9944224,10730732,12190200,13687361,14016915
 "27000","Minnesota",4,SAINC5N,531,"311","     Food manufacturing ","Thousands of dollars",1752629,1862006,1904373,1896442,2037836,2057479,2054104,1945751,1954982,2149457,2294254,2417665,2449276,2467566,2528206,2600454,2828296,3050912,3194686,3372544,3551727,3647301,3900607,4183796,4502191,4845422,5022668
 "27000","Minnesota",4,SAINC5N,532,"312","     Beverage and tobacco product manufacturing ","Thousands of dollars",127800,138477,138534,152887,133456,138973,149562,149392,151637,146531,149660,158007,165510,192992,210811,194890,226807,249600,276410,244897,211185,229077,261408,289761,330545,356984,358844
 "27000","Minnesota",4,SAINC5N,533,"313","     Textile mills ","Thousands of dollars",21505,22686,21951,18727,18165,17829,18417,17890,21101,22119,19509,14344,13616,15005,16465,18930,18031,17126,16135,17264,16443,16903,13248,17894,25138,20977,22793
 "27000","Minnesota",4,SAINC5N,534,"314","     Textile product mills ","Thousands of dollars",92650,93894,101587,94799,94045,95688,86410,91168,90016,102883,103887,83477,81725,87466,95760,102140,113581,142795,116566,118029,133230,116631,109379,130908,145660,137435,135145
 "27000","Minnesota",4,SAINC5N,535,"315","     Apparel manufacturing ","Thousands of dollars",48913,49207,47047,45539,41365,40029,42647,42824,44274,34756,34318,26254,25973,26411,31133,27593,26824,27213,30157,31987,35229,39584,37359,39498,37298,39408,41209
 "27000","Minnesota",4,SAINC5N,536,"316","     Leather and allied product manufacturing ","Thousands of dollars",69522,67988,73960,75960,72537,74306,67930,64653,68491,66888,66232,47647,59014,64156,62525,63264,68776,68707,65773,67137,72153,103687,80420,94513,96573,97696,95390
 "27000","Minnesota",4,SAINC5N,537,"322","     Paper manufacturing ","Thousands of dollars",810794,835011,874396,866426,861608,831100,821985,818367,882738,903495,835403,917659,841357,850911,874153,947828,946626,970444,841756,823833,788455,793715,817944,758721,809023,851483,882108
 "27000","Minnesota",4,SAINC5N,538,"323","     Printing and related support activities ","Thousands of dollars",1520280,1585900,1598621,1563743,1531692,1656241,1666720,1732224,1700363,1742261,1708697,1434780,1361336,1445767,1437321,1463619,1541180,1528109,1549045,1524621,1474683,1465419,1388216,1327907,1402828,1418792,1370606
 "27000","Minnesota",4,SAINC5N,539,"324","     Petroleum and coal products manufacturing ","Thousands of dollars",195689,193160,207820,287659,258353,262383,261578,306024,385089,300433,312559,302999,297130,342439,715536,626260,747640,828934,422132,423172,380913,397271,394906,400875,599441,524412,517776
 "27000","Minnesota",4,SAINC5N,541,"325","     Chemical manufacturing ","Thousands of dollars",1189228,1327978,1326306,1276638,1648274,1480053,1963506,1300083,1071961,1010668,1130809,957677,983167,1087889,1023888,1043020,1332332,1388881,1634236,1633570,1943995,1987214,1643224,2107255,2685864,3896055,4093520
 "27000","Minnesota",4,SAINC5N,542,"326","     Plastics and rubber products manufacturing ","Thousands of dollars",787157,798240,862509,845943,808704,843842,853741,874805,864425,876742,890527,753713,781434,852496,915753,923880,966142,1023670,1052885,1132884,1218106,1248745,1297513,1379604,1555639,1498697,1476856
 "27000","Minnesota",4,SAINC5N,600,"42","   Wholesale trade ","Thousands of dollars",7145526,7265743,7906626,8706414,8710780,8878204,9453913,10169071,10829328,11481271,11471573,10906869,11316747,12514750,13159972,13458592,13802147,14156763,13827230,14122773,14842526,15119093,15115872,16547552,18491922,19440194,20576686
 "27000","Minnesota",4,SAINC5N,700,"44-45","   Retail trade ","Thousands of dollars",7428233,7902426,8379542,8234398,8477647,8711256,9200338,9339945,9345360,9345599,9145524,8916947,9333426,9739672,9782023,10231709,10782448,11214110,11439068,11779056,12183864,12305213,12569476,13690432,14199631,14894282,15354641
 "27000","Minnesota",4,SAINC5N,701,"441","    Motor vehicle and parts dealers ","Thousands of dollars",1333581,1448919,1515202,1590844,1651180,1707325,1694937,1674688,1643147,1597138,1498345,1375941,1573012,1718721,1726495,1794036,1863037,1949660,2020386,2112121,2224926,2390157,2509124,2762540,2925984,3129947,3202100
 "27000","Minnesota",4,SAINC5N,702,"442","    Furniture and home furnishings stores ","Thousands of dollars",311052,348760,388550,381468,411089,412152,446235,436133,469868,474486,461269,447608,501888,513180,429115,413452,399534,421092,407155,422205,416010,433306,403450,469380,(D),(D),(D)
 "27000","Minnesota",4,SAINC5N,703,"443","    Electronics and appliance stores ","Thousands of dollars",334112,403246,388297,366939,358859,351748,352601,335383,345427,340284,347185,334614,363660,401614,393799,408008,421598,463547,489889,446434,461768,470207,378630,413524,(D),(D),(D)
 "27000","Minnesota",4,SAINC5N,704,"444","    Building material and garden equipment and supplies dealers ","Thousands of dollars",718016,785792,842222,857072,892897,903881,952858,953496,947268,939392,923294,854112,866979,906157,915735,990109,1041852,1076546,1096761,1098194,1116561,1164924,1250329,1321853,1393219,1460454,1478710
 "27000","Minnesota",4,SAINC5N,705,"445","    Food and beverage stores ","Thousands of dollars",1079306,1123716,1213887,1217214,1259953,1218257,1401843,1468430,1455484,1383967,1310210,1313711,1278531,1318280,1341932,1362462,1368053,1494041,1618885,1780376,1767083,1711063,1868038,1863336,1851664,1959842,2092739
 "27000","Minnesota",4,SAINC5N,706,"446","    Health and personal care stores ","Thousands of dollars",329249,348403,381108,403609,442615,464940,481137,537952,616616,697554,710236,777304,874205,849821,879963,911565,898212,871614,902317,927775,937918,932606,902185,952902,(D),(D),(D)
 "27000","Minnesota",4,SAINC5N,707,"447","    Gasoline stations ","Thousands of dollars",480454,499885,525950,489381,486564,505401,533567,516720,479245,505737,503062,506234,524404,488206,498772,548381,647654,692391,729989,766882,804164,821496,839592,885511,(D),(D),(D)
 "27000","Minnesota",4,SAINC5N,708,"448","    Clothing and clothing accessories stores ","Thousands of dollars",388338,406490,434062,417689,415643,425535,442368,451683,465542,475036,460707,426690,441729,444893,453189,481863,508729,548030,548340,544359,549261,531157,436854,490789,(D),(D),(D)
 "27000","Minnesota",4,SAINC5N,709,"451","    Sporting goods, hobby, musical instrument, and book stores ","Thousands of dollars",272045,283912,302009,288360,297643,309363,346867,359774,364076,296536,283637,278464,299684,313779,315405,322723,335436,344748,340949,339463,343531,344183,356351,419695,(D),(D),(D)
 "27000","Minnesota",4,SAINC5N,711,"452","    General merchandise stores ","Thousands of dollars",1092442,1119360,1185658,1128497,1183025,1309731,1427534,1456556,1355180,1465251,1578221,1579372,1553034,1611630,1562914,1576773,1607363,1663816,1668779,1724279,1767900,1739481,1808487,2014138,(D),(D),(D)
 "27000","Minnesota",4,SAINC5N,712,"453","    Miscellaneous store retailers ","Thousands of dollars",518722,552085,590423,542349,548267,603791,581735,548831,513191,481775,451168,429927,401691,472263,550219,605061,644193,639202,613461,638882,689452,691173,675871,804861,(D),(D),(D)
 "27000","Minnesota",4,SAINC5N,713,"454","    Nonstore retailers ","Thousands of dollars",570916,581858,612174,550976,529912,499132,538656,600299,690316,688443,618190,592970,654609,701128,714485,817276,1046787,1049423,1002157,978086,1105290,1075460,1140565,1291903,(D),(D),(D)
 "27000","Minnesota",4,SAINC5N,800,"48-49","   Transportation and warehousing ","Thousands of dollars",4496842,4784484,5043335,5274653,5009469,5170456,5394180,5461059,5157338,5835455,5797105,5302077,5544284,6083590,6232426,6427728,6689611,7085643,7355528,7861956,8267933,8697168,8278408,8969497,9905982,10632453,10975420
 "27000","Minnesota",4,SAINC5N,801,"481","    Air transportation ","Thousands of dollars",1520316,1657857,1697887,1850904,1625750,1650090,1732960,1685365,1234342,1588094,1630242,1248563,1195878,1223835,1161927,1248813,1309986,1339600,1570188,1568479,1578267,1705444,1526441,1432037,1768970,2252512,2406688
 "27000","Minnesota",4,SAINC5N,802,"482","    Rail transportation ","Thousands of dollars",372915,389738,379799,(D),358117,364646,370499,396552,(D),(D),(D),(D),420737,(D),483634,448664,485211,570170,494062,492716,524621,541110,484887,483039,492271,590660,598788
 "27000","Minnesota",4,SAINC5N,803,"483","    Water transportation ","Thousands of dollars",(T),(T),12106,(D),(D),(D),4638,15369,36851,80078,107814,97867,130586,133320,123498,119995,78878,109741,91770,189090,164831,131692,46649,119160,61973,56905,59584
 "27000","Minnesota",4,SAINC5N,804,"484","    Truck transportation ","Thousands of dollars",1393998,1478845,1574898,1578505,1623564,1685710,1766018,1834339,1936821,2028510,1861312,1812364,1969991,2200894,2245245,2300007,2486091,2670485,2689415,2840485,3041220,3194145,3142823,3564741,3680852,3822313,3754601
 "27000","Minnesota",4,SAINC5N,805,"485","    Transit and ground passenger transportation ","Thousands of dollars",282538,297472,309145,323483,325843,348523,357066,359703,375820,440313,431411,450910,497721,548532,572338,612642,655290,683325,692205,721041,751435,813565,664019,727938,858933,987374,1105670
 "27000","Minnesota",4,SAINC5N,806,"486","    Pipeline transportation ","Thousands of dollars",29950,29861,31081,31969,24647,31481,32890,32814,35937,36384,42371,49794,54396,76682,132323,215776,225172,221055,201688,219303,213757,181060,196781,187240,96027,102998,112887
 "27000","Minnesota",4,SAINC5N,807,"487","    Scenic and sightseeing transportation ","Thousands of dollars",(T),(T),(T),7759,(D),(D),7824,(D),7505,10288,7564,8830,6862,8469,11898,13867,13971,9870,7499,6366,6275,7596,3464,5080,6773,6239,6890
 "27000","Minnesota",4,SAINC5N,808,"488","    Support activities for transportation ","Thousands of dollars",242737,249693,274385,292204,289527,291401,317146,317250,332948,400691,425027,418923,423530,491735,540324,546921,477438,462877,478041,485402,568968,603254,610197,670297,843884,842621,846206
 "27000","Minnesota",4,SAINC5N,809,"492","    Couriers and messengers ","Thousands of dollars",364866,390627,406714,430572,(D),436204,469920,(D),(D),(D),(D),(D),502469,(D),514625,530378,567620,594949,630040,695832,753763,835989,853389,956068,958285,909656,935515
 "27000","Minnesota",4,SAINC5N,811,"493","    Warehousing and storage ","Thousands of dollars",275754,283766,350225,358036,344821,342935,335219,341239,335675,370333,340902,316200,342114,400956,446614,390665,389954,423571,500620,643242,664796,683313,749758,823897,1138014,1061175,1148591
 "27000","Minnesota",4,SAINC5N,900,"51","   Information ","Thousands of dollars",3093297,3334768,3708161,4002814,3919427,3882403,4171612,4303546,4389324,4911290,4927830,4717489,4462237,4634974,4591552,4620304,4813252,4945731,4672802,4759873,5024479,5532681,5982705,6739354,6275162,6660287,7026975
 "27000","Minnesota",4,SAINC5N,901,"511","    Publishing industries (except Internet) ","Thousands of dollars",1293342,1374645,1507423,1625804,1635989,1646629,1724542,1810957,1810877,2021757,2023728,1943684,1843590,1955048,1838637,1871738,1964181,1947178,1811867,1930169,1936427,2091304,2144156,2360475,(D),(D),(D)
 "27000","Minnesota",4,SAINC5N,902,"512","    Motion picture and sound recording industries ","Thousands of dollars",153774,154874,141489,165602,159563,150937,151637,112739,81761,138694,113005,140252,116246,126592,123020,146685,144457,166653,159047,143847,165727,166962,143336,184282,185265,182689,183148
 "27000","Minnesota",4,SAINC5N,903,"515","    Broadcasting (except Internet) ","Thousands of dollars",258358,273271,290226,325449,335077,343606,375380,362138,537002,766454,798954,658482,487698,426379,487490,417333,461245,574725,522426,364559,497551,955563,1343224,1565994,(D),(D),(D)
 "27000","Minnesota",4,SAINC5N,904,"516","    Internet publishing and broadcasting 9/","Thousands of dollars",14080,19242,32253,36950,32329,55335,83672,106359,100467,(NA),(NA),(NA),(NA),(NA),(NA),(NA),(NA),(NA),(NA),(NA),(NA),(NA),(NA),(NA),(NA),(NA),(NA)
 "27000","Minnesota",4,SAINC5N,905,"517","    Telecommunications ","Thousands of dollars",877099,957269,1104872,1093773,1031846,1033649,1137122,1221571,1189128,1152783,1219131,1214147,1173696,1175292,1231048,1241719,1276232,1199128,1146270,1236891,1197950,1174399,1107033,1098771,1108567,1235409,1229824
 "27000","Minnesota",4,SAINC5N,906,"518","    Data processing, hosting, and related services ","Thousands of dollars",486577,544467,619833,740329,707331,632908,680897,666985,634817,703086,624692,630424,707888,801144,727829,773025,763031,834742,813101,833415,958569,824108,909491,1082862,1229776,1360324,1537362
 "27000","Minnesota",4,SAINC5N,907,"519","    Other information services 9/","Thousands of dollars",10067,11000,12065,14907,17292,19339,18362,22797,35272,128516,148320,130500,133119,150519,183528,169804,204106,223305,220091,250992,268255,320345,335465,446970,557522,587128,624874
 "27000","Minnesota",4,SAINC5N,1000,"52","   Finance and insurance ","Thousands of dollars",7733375,8239154,9308791,10427438,10520091,11526474,12388632,12901697,13373772,13748596,12887018,12072005,12950157,13894797,16218637,15863146,15946353,16882381,16940773,18353488,19441619,20356690,21864565,23122965,23851912,24104442,24967401
 "27000","Minnesota",4,SAINC5N,1001,"521","    Monetary Authorities-central bank ","Thousands of dollars",38686,42927,38224,(D),(D),(D),(D),(D),(D),(D),(D),(D),(D),(D),(D),(D),117857,(D),(D),137038,151845,154931,(D),174598,183632,201298,(D)
 "27000","Minnesota",4,SAINC5N,1002,"522","    Credit intermediation and related activities ","Thousands of dollars",2284242,2441234,2524247,2909675,3163581,3714172,3833950,4158508,4090647,3948393,3925407,3795743,4192251,4260148,4615262,4606359,4788562,5130287,6053268,6514716,6827698,7491095,8153543,8245058,7737217,7639949,7644581
 "27000","Minnesota",4,SAINC5N,1003,"523","    Securities, commodity contracts, and other financial investments and related activities ","Thousands of dollars",1949942,2123608,2687067,2888889,2635971,2753185,2999577,3085549,3622400,3649505,2712589,2103148,2312920,2687326,3857022,3671186,3340049,3355081,3525847,3768090,4051005,3867647,4555790,5532249,6217423,6039797,6387526
 "27000","Minnesota",4,SAINC5N,1004,"524","    Insurance carriers and related activities ","Thousands of dollars",3381543,3521619,3909597,4444599,4569385,4861739,5200091,5295581,5436104,6024803,6138813,6064640,6307500,6809868,7596679,7424710,7662843,8190295,7071705,7638917,8185117,8592564,8707564,8912624,9419993,9944652,10444015
 "27000","Minnesota",4,SAINC5N,1005,"525","    Funds, trusts, and other financial vehicles ","Thousands of dollars",78962,109766,149656,(D),(D),(D),(D),(D),(D),(D),(D),(D),(D),(D),(D),(D),37042,(D),(D),294727,225954,250453,(D),258436,293647,278746,(D)
 "27000","Minnesota",4,SAINC5N,1100,"53","   Real estate and rental and leasing ","Thousands of dollars",1783307,1915250,2092324,2263597,2392728,2507214,2639232,2521662,2384571,2363210,2459071,2494243,2317446,2870215,3830936,3906577,3954715,4086031,3717483,3479875,3487757,3419253,3647103,4599040,4033321,4156895,4438853
 "27000","Minnesota",4,SAINC5N,1101,"531","    Real estate ","Thousands of dollars",1295617,1354190,1469546,1651069,1777695,1908095,1970284,1988925,1901841,1747902,1959692,2043595,1875701,2404989,3260820,3595149,3545253,3973284,3404964,3216526,3090625,3407504,3518698,3625752,2179646,2212470,2314507
 "27000","Minnesota",4,SAINC5N,1102,"532","    Rental and leasing services ","Thousands of dollars",419333,488517,557882,543780,544233,524867,579562,446317,402522,527333,407003,354477,345438,386965,488144,415225,699241,557266,746189,694729,841162,508929,469755,1309168,2184855,2422963,2594593
 "27000","Minnesota",4,SAINC5N,1103,"533","    Lessors of nonfinancial intangible assets (except copyrighted works) ","Thousands of dollars",68357,72543,64896,68748,70800,74252,89386,86420,80208,87975,92376,96171,96307,78261,81972,-103797,-289779,-444519,-433670,-431380,-444030,-497180,-341350,-335880,-331180,-478538,-470247
 "27000","Minnesota",4,SAINC5N,1200,"54","   Professional, scientific, and technical services ","Thousands of dollars",8276299,8908777,9837026,10042739,9947277,10071956,10572805,11197291,12088528,13239456,14129987,13204701,13397995,14386289,14951740,15731568,17046632,17941645,19831993,20416552,21514361,21904955,22194810,24001307,26096418,27156619,28322819
 "27000","Minnesota",4,SAINC5N,1300,"55","   Management of companies and enterprises ","Thousands of dollars",4620520,5030211,5350216,6188085,5920623,6128029,7011884,7002225,7134090,8194310,9673688,7891083,9105920,9312728,9733043,10192476,10608841,10740668,10786937,11598695,12128934,13446643,13096506,14092054,14514512,14689241,15022557
 "27000","Minnesota",4,SAINC5N,1400,"56","   Administrative and support and waste management and remediation services ","Thousands of dollars",3290157,3537338,3813778,3915011,3945902,4084040,4269526,4514306,4821920,5237664,5266276,4928506,5352045,5805480,5903220,5939807,6307067,6580580,6986150,7515324,7487195,7819139,7741420,8611051,9422222,9457384,9222151
 "27000","Minnesota",4,SAINC5N,1401,"561","    Administrative and support services ","Thousands of dollars",3091614,3307973,3579040,3644656,3662879,3792457,3962278,4197213,4492873,4906110,4904229,4569653,5004634,5433998,5523436,5557697,5888830,6135497,6561240,7029627,6949859,7257696,7101190,7937722,8701953,8676610,8387420
 "27000","Minnesota",4,SAINC5N,1402,"562","    Waste management and remediation services ","Thousands of dollars",198543,229365,234738,270355,283023,291583,307248,317093,329047,331554,362047,358853,347411,371482,379784,382110,418237,445083,424910,485697,537336,561443,640230,673329,720269,780774,834731
 "27000","Minnesota",4,SAINC5N,1500,"61","   Educational services ","Thousands of dollars",1079726,1208212,1333752,1399485,1551506,1659697,1766403,1813527,1954555,2183143,2343332,2528443,2654573,2786460,2849058,2823956,2955289,2982317,3144310,3225040,3323935,3477360,3423106,3643414,3805683,3899276,4035559
 "27000","Minnesota",4,SAINC5N,1600,"62","   Health care and social assistance ","Thousands of dollars",10071179,10828741,11894270,12562036,13801032,14854872,15879420,16592696,17903353,19289978,20289363,21060168,22100241,22558514,23264948,24151139,25120018,26580998,28148094,29568549,31450793,32378205,33312639,35320217,37056433,39444268,42222329
 "27000","Minnesota",4,SAINC5N,1601,"621","    Ambulatory health care services ","Thousands of dollars",4944246,5214644,5649728,6154011,6667796,7123209,7631660,7894943,8701135,9373848,9743667,10072094,10671745,10691023,11108454,11441065,11843094,12491185,13246340,13917147,14875901,15152172,15154441,16191769,16800127,17819179,18915841
 "27000","Minnesota",4,SAINC5N,1602,"622","    Hospitals ","Thousands of dollars",2476870,2745653,3014508,3097284,3503525,3871462,4216675,4522102,4855630,5280484,5614394,5872845,6080259,6477137,6717617,6981479,7230226,7662803,8038218,8534267,9042027,9315732,9511259,10005753,10533099,11132980,11659250
 "27000","Minnesota",4,SAINC5N,1603,"623","    Nursing and residential care facilities ","Thousands of dollars",1598297,1681168,1799197,1862072,2051082,2137605,2206517,2255388,2308701,2482211,2682909,2801970,2896089,2941831,2986184,3092416,3255293,3464112,3722527,3818319,4033058,4219883,4766661,4787069,5073369,5404744,5942182
 "27000","Minnesota",4,SAINC5N,1604,"624","    Social assistance ","Thousands of dollars",1051766,1187276,1430837,1448669,1578629,1722596,1824568,1920263,2037887,2153435,2248393,2313259,2452148,2448523,2452693,2636179,2791405,2962898,3141009,3298816,3499807,3690418,3880278,4335626,4649838,5087365,5705056
 "27000","Minnesota",4,SAINC5N,1700,"71","   Arts, entertainment, and recreation ","Thousands of dollars",705727,766409,882087,915260,1013544,1061407,1126479,1082285,1248600,1300558,1417735,1313274,1433022,1514329,1475389,1610665,1981925,2132262,2242809,2440806,2475551,2254198,1850963,2455382,2734269,2907832,3059408
 "27000","Minnesota",4,SAINC5N,1701,"711","    Performing arts, spectator sports, and related industries ","Thousands of dollars",302614,341671,404825,456189,522187,534703,571425,505479,619070,655181,749765,649153,766531,818920,727346,834139,1181479,1293216,1328785,1475158,1468152,1219607,1025774,1444000,1585581,1643142,1721116
 "27000","Minnesota",4,SAINC5N,1702,"712","    Museums, historical sites, and similar institutions ","Thousands of dollars",59903,63814,71222,72438,74970,73291,73712,76383,80392,85202,89012,92716,96730,97696,99813,102508,109007,111745,115129,120394,123292,124859,105797,114556,133520,149685,160267
 "27000","Minnesota",4,SAINC5N,1703,"713","    Amusement, gambling, and recreation industries ","Thousands of dollars",343210,360924,406040,386633,416387,453413,481342,500423,549138,560175,578958,571405,569761,597713,648230,674018,691439,727301,798895,845254,884107,909732,719392,896826,1015168,1115005,1178025
 "27000","Minnesota",4,SAINC5N,1800,"72","   Accommodation and food services ","Thousands of dollars",2823272,2986153,3200606,3020188,3079918,3274469,3489672,3524433,3604831,3804026,3851321,3701837,3735594,4020521,4294146,4448753,4719082,5158243,5555009,5858483,6027880,6223004,4932004,6655295,7204471,7947421,8338725
 "27000","Minnesota",4,SAINC5N,1801,"721","    Accommodation ","Thousands of dollars",592455,615032,666572,634321,616027,627879,692996,670710,654162,724867,744946,644252,674746,739671,751409,779863,790518,828437,897387,981577,1042485,1054927,774673,1036880,1121755,1160480,1185678
 "27000","Minnesota",4,SAINC5N,1802,"722","    Food services and drinking places ","Thousands of dollars",2230817,2371121,2534034,2385867,2463891,2646590,2796676,2853723,2950669,3079159,3106375,3057585,3060848,3280850,3542737,3668890,3928564,4329806,4657622,4876906,4985395,5168077,4157331,5618415,6082716,6786941,7153047
 "27000","Minnesota",4,SAINC5N,1900,"81","   Other services (except government and government enterprises) ","Thousands of dollars",4423635,4703862,5139992,4866307,5405411,5343415,5499708,5717983,5959944,5928072,5686423,5670605,5892862,6091268,6268884,6373785,6828600,7063238,7262294,7522067,7895984,8122769,7959100,8439825,9187742,9654788,10260996
 "27000","Minnesota",4,SAINC5N,1901,"811","    Repair and maintenance ","Thousands of dollars",1394270,1481512,1631506,1476172,1613292,1515538,1489255,1551471,1623239,1546947,1394585,1398485,1529462,1648657,1687962,1731277,1824978,1889162,1925451,1966731,2077456,2142609,2021618,2261248,2486290,2727944,2872103
 "27000","Minnesota",4,SAINC5N,1902,"812","    Personal and laundry services ","Thousands of dollars",1380870,1458073,1616172,1422849,1577382,1599564,1705659,1843424,1932243,1847477,1632225,1623926,1745799,1785561,1868206,1885933,2025817,2092726,2174938,2332675,2336235,2371825,2100707,2312785,2551232,2660219,2829065
 "27000","Minnesota",4,SAINC5N,1903,"813","    Religious, grantmaking, civic, professional, and similar organizations ","Thousands of dollars",1493166,1621016,1736997,1822280,2075259,2075212,2143956,2162575,2234900,2349253,2466776,2474907,2466047,2495257,2563197,2599302,2797570,2897203,2988536,3060656,3291224,3408174,3641398,3674038,3931182,4045300,4322706
 "27000","Minnesota",4,SAINC5N,1904,"814","    Private households ","Thousands of dollars",155329,143261,155317,145006,139478,153101,160838,160513,169562,184395,192837,173287,151554,161793,149519,157273,180235,184147,173369,162005,191069,200161,195377,191754,219038,221325,237122
 "27000","Minnesota",4,SAINC5N,2000,"...","  Government and government enterprises ","Thousands of dollars",14991858,15744388,16839906,17787514,18836174,19512826,20389532,21165685,21894848,22823174,23883672,24478554,24797589,24583927,24589586,25700467,26649938,27605814,28210327,28936492,30206205,31099567,32197147,32853586,33886214,35883558,38755681
 "27000","Minnesota",4,SAINC5N,2001,"...","   Federal civilian ","Thousands of dollars",1845584,1893762,2071083,2080747,2181381,2344012,2488415,2611260,2700827,2757417,2866304,2941149,2963698,3000601,2974767,2947301,3019859,3136370,3237460,3307766,3464383,3517752,3691460,3820876,4150205,4411766,4693258
 "27000","Minnesota",4,SAINC5N,2002,"...","   Military ","Thousands of dollars",256972,269031,276448,300451,398328,574481,632984,818866,751994,801987,788886,856786,846019,784451,748767,712775,659992,617167,631475,651636,700653,757176,774520,785137,786753,857208,922906
 "27000","Minnesota",4,SAINC5N,2010,"...","   State and local ","Thousands of dollars",12889302,13581595,14492375,15406316,16256465,16594333,17268133,17735559,18442027,19263770,20228482,20680619,20987872,20798875,20866052,22040391,22970087,23852277,24341392,24977090,26041169,26824639,27731167,28247573,28949256,30614584,33139517
 "27000","Minnesota",4,SAINC5N,2011,"...","    State government ","Thousands of dollars",3543587,3654838,3953672,4120136,4354596,4444366,4583894,4779284,5019244,5251967,5645769,5817562,5822340,5705621,5737334,6209450,6488669,6654168,6765982,6850790,7320904,7621580,8152675,8114012,8273513,8847884,9725475
 "27000","Minnesota",4,SAINC5N,2012,"...","    Local government ","Thousands of dollars",9345715,9926757,10538703,11286180,11901869,12149967,12684239,12956275,13422783,14011803,14582713,14863057,15165532,15093254,15128718,15830941,16481418,17198109,17575410,18126300,18720265,19203059,19578492,20133561,20675743,21766700,23414042
"Note: See the included footnote file."
"SAINC5N: Personal income by major component and earnings by NAICS industry 1."
"Last updated: September 26, 2025-- revised statistics for 2020-2024."
"U.S. Bureau of Economic Analysis"
